#
# There is insufficient memory for the Java Runtime Environment to continue.
# Native memory allocation (malloc) failed to allocate 1638896 bytes for Chunk::new
# Possible reasons:
#   The system is out of physical RAM or swap space
#   The process is running with CompressedOops enabled, and the Java Heap may be blocking the growth of the native heap
# Possible solutions:
#   Reduce memory load on the system
#   Increase physical memory or swap space
#   Check if swap backing store is full
#   Decrease Java heap size (-Xmx/-Xms)
#   Decrease number of Java threads
#   Decrease Java thread stack sizes (-Xss)
#   Set larger code cache with -XX:ReservedCodeCacheSize=
#   JVM is running with Zero Based Compressed Oops mode in which the Java heap is
#     placed in the first 32GB address space. The Java Heap base address is the
#     maximum limit for the native heap growth. Please use -XX:HeapBaseMinAddress
#     to set the Java Heap base and to place the Java Heap above 32GB virtual address.
# This output file may be truncated or incomplete.
#
#  Out of Memory Error (arena.cpp:184), pid=32712, tid=24484
#
# JRE version: Java(TM) SE Runtime Environment (20.0.2+9) (build 20.0.2+9-78)
# Java VM: Java HotSpot(TM) 64-Bit Server VM (20.0.2+9-78, mixed mode, sharing, tiered, compressed oops, compressed class ptrs, g1 gc, windows-amd64)
# No core dump will be written. Minidumps are not enabled by default on client versions of Windows
#

---------------  S U M M A R Y ------------

Command Line: --add-opens=java.base/java.lang=ALL-UNNAMED --add-opens=java.base/java.lang.invoke=ALL-UNNAMED --add-opens=java.base/java.util=ALL-UNNAMED --add-opens=java.prefs/java.util.prefs=ALL-UNNAMED --add-exports=jdk.compiler/com.sun.tools.javac.api=ALL-UNNAMED --add-exports=jdk.compiler/com.sun.tools.javac.util=ALL-UNNAMED --add-opens=java.base/java.util=ALL-UNNAMED --add-opens=java.prefs/java.util.prefs=ALL-UNNAMED --add-opens=java.base/java.nio.charset=ALL-UNNAMED --add-opens=java.base/java.net=ALL-UNNAMED --add-opens=java.base/java.util.concurrent.atomic=ALL-UNNAMED --add-opens=java.xml/javax.xml.namespace=ALL-UNNAMED -XX:MaxMetaspaceSize=4G -XX:ReservedCodeCacheSize=512m -XX:+HeapDumpOnOutOfMemoryError -Xmx8G -Dfile.encoding=UTF-8 -Duser.country=PH -Duser.language=en -Duser.variant -javaagent:C:\Users\RAIN\.gradle\wrapper\dists\gradle-8.12-all\ejduaidbjup3bmmkhw3rie4zb\gradle-8.12\lib\agents\gradle-instrumentation-agent-8.12.jar org.gradle.launcher.daemon.bootstrap.GradleDaemon 8.12

Host: AMD Ryzen 3 7320U with Radeon Graphics         , 8 cores, 7G,  Windows 11 , 64 bit Build 26100 (10.0.26100.5074)
Time: Tue Sep 30 18:07:48 2025 Malay Peninsula Standard Time elapsed time: 1135.966096 seconds (0d 0h 18m 55s)

---------------  T H R E A D  ---------------

Current thread (0x000002b66494d310):  JavaThread "C2 CompilerThread0" daemon [_thread_in_native, id=24484, stack(0x000000da8d500000,0x000000da8d600000)]


Current CompileTask:
C2:1135966 42054       4       org.jetbrains.kotlin.resolve.jvm.KotlinJavaPsiFacade::findPackage (618 bytes)

Stack: [0x000000da8d500000,0x000000da8d600000]
Native frames: (J=compiled Java code, j=interpreted, Vv=VM code, C=native code)
V  [jvm.dll+0x6bc25a]
V  [jvm.dll+0x84971a]
V  [jvm.dll+0x84b315]
V  [jvm.dll+0x84ba13]
V  [jvm.dll+0x280e4f]
V  [jvm.dll+0xc2ab1]
V  [jvm.dll+0xc2dd5]
V  [jvm.dll+0x3bb612]
V  [jvm.dll+0x385b75]
V  [jvm.dll+0x384fea]
V  [jvm.dll+0x24b529]
V  [jvm.dll+0x24a921]
V  [jvm.dll+0x1ce761]
V  [jvm.dll+0x25a0eb]
V  [jvm.dll+0x2587c0]
V  [jvm.dll+0x3f2dd5]
V  [jvm.dll+0x7f5c76]
V  [jvm.dll+0x6baecb]
C  [ucrtbase.dll+0x37b0]
C  [KERNEL32.DLL+0x2e8d7]
C  [ntdll.dll+0x8d9c]


---------------  P R O C E S S  ---------------

Threads class SMR info:
_java_thread_list=0x000002b6b394d640, length=66, elements={
0x000002b62f1a6d00, 0x000002b66493dc10, 0x000002b66493f5f0, 0x000002b664940e40,
0x000002b6649439f0, 0x000002b6649496d0, 0x000002b664947730, 0x000002b66494d310,
0x000002b66495bbd0, 0x000002b6ac4e7a80, 0x000002b6ac5f06e0, 0x000002b6ad49f420,
0x000002b6ac82af10, 0x000002b6ac8c0f30, 0x000002b6ac913e20, 0x000002b6ac911e40,
0x000002b6ac9118f0, 0x000002b6ac912390, 0x000002b6ac913380, 0x000002b6aed42d20,
0x000002b6aed407f0, 0x000002b6aed447b0, 0x000002b6aed42280, 0x000002b6aed43270,
0x000002b6aed457a0, 0x000002b6aed47cd0, 0x000002b6aed46ce0, 0x000002b6addd2770,
0x000002b6addd4ca0, 0x000002b6addd4750, 0x000002b6aed47230, 0x000002b6c1eac020,
0x000002b6c1eacac0, 0x000002b6c1ead010, 0x000002b6b32315a0, 0x000002b6b322e5d0,
0x000002b6b1c5d9f0, 0x000002b6b37bbac0, 0x000002b6b0667ec0, 0x000002b6b0668eb0,
0x000002b6b322fb10, 0x000002b6b322f5c0, 0x000002b6b322eb20, 0x000002b6b322f070,
0x000002b6b3230060, 0x000002b6b1c5bf60, 0x000002b6c2636580, 0x000002b6c2636ad0,
0x000002b6c2635ae0, 0x000002b6c2637570, 0x000002b6c2637020, 0x000002b6c2634050,
0x000002b6c26345a0, 0x000002b6c2635590, 0x000002b6c2634af0, 0x000002b6c2635040,
0x000002b6c1ae2100, 0x000002b6c1ae2650, 0x000002b6c1ae30f0, 0x000002b6c1ae1bb0,
0x000002b6b32305b0, 0x000002b6c1eac570, 0x000002b6b3284ba0, 0x000002b6c74255a0,
0x000002b6c2636030, 0x000002b6c729af20
}

Java Threads: ( => current thread )
  0x000002b62f1a6d00 JavaThread "main" [_thread_blocked, id=12180, stack(0x000000da8c800000,0x000000da8c900000)]
  0x000002b66493dc10 JavaThread "Reference Handler" daemon [_thread_blocked, id=27164, stack(0x000000da8cf00000,0x000000da8d000000)]
  0x000002b66493f5f0 JavaThread "Finalizer" daemon [_thread_blocked, id=10268, stack(0x000000da8d000000,0x000000da8d100000)]
  0x000002b664940e40 JavaThread "Signal Dispatcher" daemon [_thread_blocked, id=18276, stack(0x000000da8d100000,0x000000da8d200000)]
  0x000002b6649439f0 JavaThread "Attach Listener" daemon [_thread_blocked, id=12988, stack(0x000000da8d200000,0x000000da8d300000)]
  0x000002b6649496d0 JavaThread "Service Thread" daemon [_thread_blocked, id=34276, stack(0x000000da8d300000,0x000000da8d400000)]
  0x000002b664947730 JavaThread "Monitor Deflation Thread" daemon [_thread_blocked, id=9732, stack(0x000000da8d400000,0x000000da8d500000)]
=>0x000002b66494d310 JavaThread "C2 CompilerThread0" daemon [_thread_in_native, id=24484, stack(0x000000da8d500000,0x000000da8d600000)]
  0x000002b66495bbd0 JavaThread "C1 CompilerThread0" daemon [_thread_blocked, id=12268, stack(0x000000da8d600000,0x000000da8d700000)]
  0x000002b6ac4e7a80 JavaThread "Common-Cleaner" daemon [_thread_blocked, id=30628, stack(0x000000da8d700000,0x000000da8d800000)]
  0x000002b6ac5f06e0 JavaThread "Notification Thread" daemon [_thread_blocked, id=27976, stack(0x000000da8d800000,0x000000da8d900000)]
  0x000002b6ad49f420 JavaThread "Daemon health stats" [_thread_blocked, id=2416, stack(0x000000da8e100000,0x000000da8e200000)]
  0x000002b6ac82af10 JavaThread "Incoming local TCP Connector on port 61220" [_thread_in_native, id=5952, stack(0x000000da8e200000,0x000000da8e300000)]
  0x000002b6ac8c0f30 JavaThread "Daemon periodic checks" [_thread_blocked, id=5508, stack(0x000000da8e300000,0x000000da8e400000)]
  0x000002b6ac913e20 JavaThread "Daemon" [_thread_blocked, id=27792, stack(0x000000da8e400000,0x000000da8e500000)]
  0x000002b6ac911e40 JavaThread "Daemon worker" [_thread_in_Java, id=15052, stack(0x000000da8e700000,0x000000da8e800000)]
  0x000002b6ac9118f0 JavaThread "Cache worker for journal cache (C:\Users\RAIN\.gradle\caches\journal-1)" [_thread_blocked, id=24288, stack(0x000000da8eb00000,0x000000da8ec00000)]
  0x000002b6ac912390 JavaThread "File lock request listener" [_thread_in_native, id=3336, stack(0x000000da8ec00000,0x000000da8ed00000)]
  0x000002b6ac913380 JavaThread "Cache worker for file hash cache (C:\Users\RAIN\.gradle\caches\8.12\fileHashes)" [_thread_blocked, id=8936, stack(0x000000da8ed00000,0x000000da8ee00000)]
  0x000002b6aed42d20 JavaThread "File watcher server" daemon [_thread_in_native, id=22960, stack(0x000000da8f100000,0x000000da8f200000)]
  0x000002b6aed407f0 JavaThread "File watcher consumer" daemon [_thread_blocked, id=27992, stack(0x000000da8f200000,0x000000da8f300000)]
  0x000002b6aed447b0 JavaThread "jar transforms" [_thread_blocked, id=18804, stack(0x000000da8f300000,0x000000da8f400000)]
  0x000002b6aed42280 JavaThread "jar transforms Thread 2" [_thread_blocked, id=23252, stack(0x000000da8f400000,0x000000da8f500000)]
  0x000002b6aed43270 JavaThread "jar transforms Thread 3" [_thread_blocked, id=32248, stack(0x000000da8f500000,0x000000da8f600000)]
  0x000002b6aed457a0 JavaThread "jar transforms Thread 4" [_thread_blocked, id=10128, stack(0x000000da8f600000,0x000000da8f700000)]
  0x000002b6aed47cd0 JavaThread "jar transforms Thread 5" [_thread_blocked, id=13216, stack(0x000000da8f900000,0x000000da8fa00000)]
  0x000002b6aed46ce0 JavaThread "Cache worker for file content cache (C:\Users\RAIN\.gradle\caches\8.12\fileContent)" [_thread_blocked, id=14740, stack(0x000000da8fb00000,0x000000da8fc00000)]
  0x000002b6addd2770 JavaThread "jar transforms Thread 6" [_thread_blocked, id=29956, stack(0x000000da8fc00000,0x000000da8fd00000)]
  0x000002b6addd4ca0 JavaThread "jar transforms Thread 7" [_thread_blocked, id=26084, stack(0x000000da8c600000,0x000000da8c700000)]
  0x000002b6addd4750 JavaThread "jar transforms Thread 8" [_thread_blocked, id=24272, stack(0x000000da8c700000,0x000000da8c800000)]
  0x000002b6aed47230 JavaThread "Memory manager" [_thread_blocked, id=31308, stack(0x000000da92800000,0x000000da92900000)]
  0x000002b6c1eac020 JavaThread "RMI Scheduler(0)" daemon [_thread_blocked, id=1940, stack(0x000000da95d00000,0x000000da95e00000)]
  0x000002b6c1eacac0 JavaThread "RMI GC Daemon" daemon [_thread_blocked, id=9944, stack(0x000000da95f00000,0x000000da96000000)]
  0x000002b6c1ead010 JavaThread "RMI TCP Accept-0" daemon [_thread_in_native, id=9720, stack(0x000000da96000000,0x000000da96100000)]
  0x000002b6b32315a0 JavaThread "RMI Reaper" [_thread_blocked, id=6292, stack(0x000000da96100000,0x000000da96200000)]
  0x000002b6b322e5d0 JavaThread "pool-4-thread-1" [_thread_blocked, id=19860, stack(0x000000da91700000,0x000000da91800000)]
  0x000002b6b1c5d9f0 JavaThread "included builds Thread 2" [_thread_blocked, id=21180, stack(0x000000da90100000,0x000000da90200000)]
  0x000002b6b37bbac0 JavaThread "VFS cleanup" [_thread_blocked, id=32784, stack(0x000000da8c500000,0x000000da8c600000)]
  0x000002b6b0667ec0 JavaThread "Handler for socket connection from /127.0.0.1:61220 to /127.0.0.1:55016" [_thread_in_native, id=27664, stack(0x000000da8e500000,0x000000da8e600000)]
  0x000002b6b0668eb0 JavaThread "Cancel handler" [_thread_blocked, id=31624, stack(0x000000da8e600000,0x000000da8e700000)]
  0x000002b6b322fb10 JavaThread "Asynchronous log dispatcher for DefaultDaemonConnection: socket connection from /127.0.0.1:61220 to /127.0.0.1:55016" [_thread_blocked, id=27040, stack(0x000000da8e800000,0x000000da8e900000)]
  0x000002b6b322f5c0 JavaThread "Stdin handler" [_thread_blocked, id=15556, stack(0x000000da8e900000,0x000000da8ea00000)]
  0x000002b6b322eb20 JavaThread "Daemon client event forwarder" [_thread_blocked, id=26836, stack(0x000000da8ea00000,0x000000da8eb00000)]
  0x000002b6b322f070 JavaThread "Cache worker for file hash cache (C:\xampp\htdocs\DAYAW\frontend\android\.gradle\8.12\fileHashes)" [_thread_blocked, id=28452, stack(0x000000da8ef00000,0x000000da8f000000)]
  0x000002b6b3230060 JavaThread "Cache worker for Build Output Cleanup Cache (C:\xampp\htdocs\DAYAW\frontend\android\.gradle\buildOutputCleanup)" [_thread_blocked, id=17248, stack(0x000000da8f000000,0x000000da8f100000)]
  0x000002b6b1c5bf60 JavaThread "Cache worker for checksums cache (C:\xampp\htdocs\DAYAW\frontend\android\.gradle\8.12\checksums)" [_thread_blocked, id=24772, stack(0x000000da8f800000,0x000000da8f900000)]
  0x000002b6c2636580 JavaThread "Cache worker for cache directory md-rule (C:\Users\RAIN\.gradle\caches\8.12\md-rule)" [_thread_blocked, id=27464, stack(0x000000da8fa00000,0x000000da8fb00000)]
  0x000002b6c2636ad0 JavaThread "Cache worker for cache directory md-supplier (C:\Users\RAIN\.gradle\caches\8.12\md-supplier)" [_thread_blocked, id=12412, stack(0x000000da8fd00000,0x000000da8fe00000)]
  0x000002b6c2635ae0 JavaThread "Cache worker for Build Output Cleanup Cache (C:\Users\RAIN\develop\flutter\packages\flutter_tools\gradle\.gradle\buildOutputCleanup)" [_thread_blocked, id=24656, stack(0x000000da8fe00000,0x000000da8ff00000)]
  0x000002b6c2637570 JavaThread "Unconstrained build operations" [_thread_blocked, id=22484, stack(0x000000da8ff00000,0x000000da90000000)]
  0x000002b6c2637020 JavaThread "Unconstrained build operations Thread 2" [_thread_blocked, id=6732, stack(0x000000da90000000,0x000000da90100000)]
  0x000002b6c2634050 JavaThread "Unconstrained build operations Thread 3" [_thread_blocked, id=32364, stack(0x000000da90200000,0x000000da90300000)]
  0x000002b6c26345a0 JavaThread "Unconstrained build operations Thread 4" [_thread_blocked, id=12188, stack(0x000000da90300000,0x000000da90400000)]
  0x000002b6c2635590 JavaThread "Unconstrained build operations Thread 5" [_thread_blocked, id=16632, stack(0x000000da90400000,0x000000da90500000)]
  0x000002b6c2634af0 JavaThread "Unconstrained build operations Thread 6" [_thread_blocked, id=24440, stack(0x000000da90500000,0x000000da90600000)]
  0x000002b6c2635040 JavaThread "Unconstrained build operations Thread 7" [_thread_blocked, id=33424, stack(0x000000da90600000,0x000000da90700000)]
  0x000002b6c1ae2100 JavaThread "Unconstrained build operations Thread 8" [_thread_blocked, id=11452, stack(0x000000da8f700000,0x000000da8f800000)]
  0x000002b6c1ae2650 JavaThread "Unconstrained build operations Thread 9" [_thread_blocked, id=32000, stack(0x000000da90700000,0x000000da90800000)]
  0x000002b6c1ae30f0 JavaThread "Unconstrained build operations Thread 10" [_thread_blocked, id=12080, stack(0x000000da90800000,0x000000da90900000)]
  0x000002b6c1ae1bb0 JavaThread "Unconstrained build operations Thread 11" [_thread_blocked, id=33004, stack(0x000000da90900000,0x000000da90a00000)]
  0x000002b6b32305b0 JavaThread "Unconstrained build operations Thread 12" [_thread_blocked, id=21632, stack(0x000000da90a00000,0x000000da90b00000)]
  0x000002b6c1eac570 JavaThread "Unconstrained build operations Thread 13" [_thread_blocked, id=34132, stack(0x000000da90b00000,0x000000da90c00000)]
  0x000002b6b3284ba0 JavaThread "Unconstrained build operations Thread 14" [_thread_blocked, id=18808, stack(0x000000da90c00000,0x000000da90d00000)]
  0x000002b6c74255a0 JavaThread "build event listener" [_thread_blocked, id=30400, stack(0x000000da90d00000,0x000000da90e00000)]
  0x000002b6c2636030 JavaThread "Kotlin DSL Writer" [_thread_blocked, id=5612, stack(0x000000da90e00000,0x000000da90f00000)]
  0x000002b6c729af20 JavaThread "C2 CompilerThread1" daemon [_thread_in_vm, id=30320, stack(0x000000da90f00000,0x000000da91000000)]

Other Threads:
  0x000002b66491d400 VMThread "VM Thread" [stack: 0x000000da8ce00000,0x000000da8cf00000] [id=21884]
  0x000002b62f1a7c30 WatcherThread "VM Periodic Task Thread" [stack: 0x000000da8d900000,0x000000da8da00000] [id=27368]
  0x000002b62f257270 WorkerThread "GC Thread#0" [stack: 0x000000da8c900000,0x000000da8ca00000] [id=15152]
  0x000002b6ac6e5720 WorkerThread "GC Thread#1" [stack: 0x000000da8da00000,0x000000da8db00000] [id=12056]
  0x000002b6ac696a90 WorkerThread "GC Thread#2" [stack: 0x000000da8db00000,0x000000da8dc00000] [id=31724]
  0x000002b6ac974300 WorkerThread "GC Thread#3" [stack: 0x000000da8dc00000,0x000000da8dd00000] [id=11076]
  0x000002b6ac973d60 WorkerThread "GC Thread#4" [stack: 0x000000da8dd00000,0x000000da8de00000] [id=16564]
  0x000002b6ac9737c0 WorkerThread "GC Thread#5" [stack: 0x000000da8de00000,0x000000da8df00000] [id=27196]
  0x000002b6ac9748a0 WorkerThread "GC Thread#6" [stack: 0x000000da8df00000,0x000000da8e000000] [id=33580]
  0x000002b6ac973a90 WorkerThread "GC Thread#7" [stack: 0x000000da8e000000,0x000000da8e100000] [id=10672]
  0x000002b66478d150 ConcurrentGCThread "G1 Main Marker" [stack: 0x000000da8ca00000,0x000000da8cb00000] [id=14036]
  0x000002b66478e230 WorkerThread "G1 Conc#0" [stack: 0x000000da8cb00000,0x000000da8cc00000] [id=32700]
  0x000002b6ad37b900 WorkerThread "G1 Conc#1" [stack: 0x000000da8ee00000,0x000000da8ef00000] [id=32872]
  0x000002b6647dae40 ConcurrentGCThread "G1 Refine#0" [stack: 0x000000da8cc00000,0x000000da8cd00000] [id=29700]
  0x000002b6647db6f0 ConcurrentGCThread "G1 Service" [stack: 0x000000da8cd00000,0x000000da8ce00000] [id=26704]

Threads with active compile tasks:
C2 CompilerThread0  1136197 42054       4       org.jetbrains.kotlin.resolve.jvm.KotlinJavaPsiFacade::findPackage (618 bytes)
C2 CompilerThread1  1136198 42064       4       org.jetbrains.kotlin.types.AbstractTypeChecker::collectAllSupertypesWithGivenTypeConstructor (551 bytes)

VM state: not at safepoint (normal execution)

VM Mutex/Monitor currently owned by a thread: None

Heap address: 0x0000000600000000, size: 8192 MB, Compressed Oops mode: Zero based, Oop shift amount: 3

CDS archive(s) mapped at: [0x000002b667400000-0x000002b668060000-0x000002b668060000), size 12976128, SharedBaseAddress: 0x000002b667400000, ArchiveRelocationMode: 1.
Compressed class space mapped at: 0x000002b668400000-0x000002b6a8400000, reserved size: 1073741824
Narrow klass base: 0x000002b667400000, Narrow klass shift: 0, Narrow klass range: 0x100000000

GC Precious Log:
 CardTable entry size: 512
 Card Set container configuration: InlinePtr #cards 4 size 8 Array Of Cards #cards 32 size 80 Howl #buckets 8 coarsen threshold 7372 Howl Bitmap #cards 1024 size 144 coarsen threshold 921 Card regions per heap region 1 cards per card region 8192
 CPUs: 8 total, 8 available
 Memory: 7413M
 Large Page Support: Disabled
 NUMA Support: Disabled
 Compressed Oops: Enabled (Zero based)
 Heap Region Size: 4M
 Heap Min Capacity: 8M
 Heap Initial Capacity: 116M
 Heap Max Capacity: 8G
 Pre-touch: Disabled
 Parallel Workers: 8
 Concurrent Workers: 2
 Concurrent Refinement Workers: 8
 Periodic GC: Disabled

Heap:
 garbage-first heap   total 1392640K, used 592744K [0x0000000600000000, 0x0000000800000000)
  region size 4096K, 46 young (188416K), 2 survivors (8192K)
 Metaspace       used 230152K, committed 233472K, reserved 1310720K
  class space    used 28168K, committed 29824K, reserved 1048576K

Heap Regions: E=young(eden), S=young(survivor), O=old, HS=humongous(starts), HC=humongous(continues), CS=collection set, F=free, OA=open archive, CA=closed archive, TAMS=top-at-mark-start, PB=parsable bottom
|   0|0x0000000600000000, 0x0000000600400000, 0x0000000600400000|100%|HS|  |TAMS 0x0000000600000000| PB 0x0000000600000000| Complete 
|   1|0x0000000600400000, 0x0000000600800000, 0x0000000600800000|100%| O|  |TAMS 0x0000000600400000| PB 0x0000000600400000| Untracked 
|   2|0x0000000600800000, 0x0000000600c00000, 0x0000000600c00000|100%| O|  |TAMS 0x0000000600800000| PB 0x0000000600800000| Untracked 
|   3|0x0000000600c00000, 0x0000000601000000, 0x0000000601000000|100%| O|  |TAMS 0x0000000600c00000| PB 0x0000000600c00000| Untracked 
|   4|0x0000000601000000, 0x0000000601400000, 0x0000000601400000|100%| O|  |TAMS 0x0000000601000000| PB 0x0000000601000000| Untracked 
|   5|0x0000000601400000, 0x0000000601800000, 0x0000000601800000|100%| O|  |TAMS 0x0000000601400000| PB 0x0000000601400000| Untracked 
|   6|0x0000000601800000, 0x0000000601c00000, 0x0000000601c00000|100%| O|  |TAMS 0x0000000601800000| PB 0x0000000601800000| Untracked 
|   7|0x0000000601c00000, 0x0000000602000000, 0x0000000602000000|100%| O|  |TAMS 0x0000000601c00000| PB 0x0000000601c00000| Untracked 
|   8|0x0000000602000000, 0x0000000602400000, 0x0000000602400000|100%| O|  |TAMS 0x0000000602000000| PB 0x0000000602000000| Untracked 
|   9|0x0000000602400000, 0x0000000602800000, 0x0000000602800000|100%| O|  |TAMS 0x0000000602400000| PB 0x0000000602400000| Untracked 
|  10|0x0000000602800000, 0x0000000602c00000, 0x0000000602c00000|100%| O|  |TAMS 0x0000000602800000| PB 0x0000000602800000| Untracked 
|  11|0x0000000602c00000, 0x0000000603000000, 0x0000000603000000|100%| O|  |TAMS 0x0000000602c00000| PB 0x0000000602c00000| Untracked 
|  12|0x0000000603000000, 0x0000000603400000, 0x0000000603400000|100%| O|  |TAMS 0x0000000603000000| PB 0x0000000603000000| Untracked 
|  13|0x0000000603400000, 0x0000000603800000, 0x0000000603800000|100%| O|  |TAMS 0x0000000603400000| PB 0x0000000603400000| Untracked 
|  14|0x0000000603800000, 0x0000000603c00000, 0x0000000603c00000|100%| O|  |TAMS 0x0000000603800000| PB 0x0000000603800000| Untracked 
|  15|0x0000000603c00000, 0x0000000604000000, 0x0000000604000000|100%| O|  |TAMS 0x0000000603c00000| PB 0x0000000603c00000| Untracked 
|  16|0x0000000604000000, 0x0000000604400000, 0x0000000604400000|100%| O|  |TAMS 0x0000000604000000| PB 0x0000000604000000| Untracked 
|  17|0x0000000604400000, 0x0000000604800000, 0x0000000604800000|100%| O|  |TAMS 0x0000000604400000| PB 0x0000000604400000| Untracked 
|  18|0x0000000604800000, 0x0000000604c00000, 0x0000000604c00000|100%| O|  |TAMS 0x0000000604800000| PB 0x0000000604800000| Untracked 
|  19|0x0000000604c00000, 0x0000000605000000, 0x0000000605000000|100%| O|  |TAMS 0x0000000604c00000| PB 0x0000000604c00000| Untracked 
|  20|0x0000000605000000, 0x0000000605400000, 0x0000000605400000|100%| O|  |TAMS 0x0000000605000000| PB 0x0000000605000000| Untracked 
|  21|0x0000000605400000, 0x0000000605800000, 0x0000000605800000|100%| O|  |TAMS 0x0000000605400000| PB 0x0000000605400000| Untracked 
|  22|0x0000000605800000, 0x0000000605c00000, 0x0000000605c00000|100%| O|  |TAMS 0x0000000605800000| PB 0x0000000605800000| Untracked 
|  23|0x0000000605c00000, 0x0000000606000000, 0x0000000606000000|100%| O|  |TAMS 0x0000000605c00000| PB 0x0000000605c00000| Untracked 
|  24|0x0000000606000000, 0x0000000606400000, 0x0000000606400000|100%| O|  |TAMS 0x0000000606000000| PB 0x0000000606000000| Untracked 
|  25|0x0000000606400000, 0x0000000606800000, 0x0000000606800000|100%| O|  |TAMS 0x0000000606400000| PB 0x0000000606400000| Untracked 
|  26|0x0000000606800000, 0x0000000606c00000, 0x0000000606c00000|100%| O|  |TAMS 0x0000000606800000| PB 0x0000000606800000| Untracked 
|  27|0x0000000606c00000, 0x0000000607000000, 0x0000000607000000|100%|HS|  |TAMS 0x0000000606c00000| PB 0x0000000606c00000| Complete 
|  28|0x0000000607000000, 0x0000000607400000, 0x0000000607400000|100%| O|  |TAMS 0x0000000607000000| PB 0x0000000607000000| Untracked 
|  29|0x0000000607400000, 0x0000000607800000, 0x0000000607800000|100%| O|  |TAMS 0x0000000607400000| PB 0x0000000607400000| Untracked 
|  30|0x0000000607800000, 0x0000000607c00000, 0x0000000607c00000|100%|HS|  |TAMS 0x0000000607800000| PB 0x0000000607800000| Complete 
|  31|0x0000000607c00000, 0x0000000608000000, 0x0000000608000000|100%| O|  |TAMS 0x0000000607c00000| PB 0x0000000607c00000| Untracked 
|  32|0x0000000608000000, 0x0000000608400000, 0x0000000608400000|100%| O|  |TAMS 0x0000000608000000| PB 0x0000000608000000| Untracked 
|  33|0x0000000608400000, 0x0000000608800000, 0x0000000608800000|100%| O|  |TAMS 0x0000000608400000| PB 0x0000000608400000| Untracked 
|  34|0x0000000608800000, 0x0000000608c00000, 0x0000000608c00000|100%| O|  |TAMS 0x0000000608800000| PB 0x0000000608800000| Untracked 
|  35|0x0000000608c00000, 0x0000000609000000, 0x0000000609000000|100%| O|  |TAMS 0x0000000608c00000| PB 0x0000000608c00000| Untracked 
|  36|0x0000000609000000, 0x0000000609400000, 0x0000000609400000|100%| O|  |TAMS 0x0000000609000000| PB 0x0000000609000000| Untracked 
|  37|0x0000000609400000, 0x0000000609800000, 0x0000000609800000|100%| O|  |TAMS 0x0000000609400000| PB 0x0000000609400000| Untracked 
|  38|0x0000000609800000, 0x0000000609c00000, 0x0000000609c00000|100%| O|  |TAMS 0x0000000609800000| PB 0x0000000609800000| Untracked 
|  39|0x0000000609c00000, 0x000000060a000000, 0x000000060a000000|100%| O|  |TAMS 0x0000000609c00000| PB 0x0000000609c00000| Untracked 
|  40|0x000000060a000000, 0x000000060a400000, 0x000000060a400000|100%| O|  |TAMS 0x000000060a000000| PB 0x000000060a000000| Untracked 
|  41|0x000000060a400000, 0x000000060a800000, 0x000000060a800000|100%| O|  |TAMS 0x000000060a400000| PB 0x000000060a400000| Untracked 
|  42|0x000000060a800000, 0x000000060ac00000, 0x000000060ac00000|100%| O|  |TAMS 0x000000060a800000| PB 0x000000060a800000| Untracked 
|  43|0x000000060ac00000, 0x000000060b000000, 0x000000060b000000|100%| O|  |TAMS 0x000000060ac00000| PB 0x000000060ac00000| Untracked 
|  44|0x000000060b000000, 0x000000060b400000, 0x000000060b400000|100%| O|  |TAMS 0x000000060b000000| PB 0x000000060b000000| Untracked 
|  45|0x000000060b400000, 0x000000060b800000, 0x000000060b800000|100%| O|  |TAMS 0x000000060b400000| PB 0x000000060b400000| Untracked 
|  46|0x000000060b800000, 0x000000060bc00000, 0x000000060bc00000|100%| O|  |TAMS 0x000000060b800000| PB 0x000000060b800000| Untracked 
|  47|0x000000060bc00000, 0x000000060c000000, 0x000000060c000000|100%| O|  |TAMS 0x000000060bc00000| PB 0x000000060bc00000| Untracked 
|  48|0x000000060c000000, 0x000000060c400000, 0x000000060c400000|100%| O|  |TAMS 0x000000060c000000| PB 0x000000060c000000| Untracked 
|  49|0x000000060c400000, 0x000000060c800000, 0x000000060c800000|100%| O|  |TAMS 0x000000060c400000| PB 0x000000060c400000| Untracked 
|  50|0x000000060c800000, 0x000000060cc00000, 0x000000060cc00000|100%| O|  |TAMS 0x000000060c800000| PB 0x000000060c800000| Untracked 
|  51|0x000000060cc00000, 0x000000060d000000, 0x000000060d000000|100%| O|  |TAMS 0x000000060cc00000| PB 0x000000060cc00000| Untracked 
|  52|0x000000060d000000, 0x000000060d400000, 0x000000060d400000|100%| O|  |TAMS 0x000000060d000000| PB 0x000000060d000000| Untracked 
|  53|0x000000060d400000, 0x000000060d800000, 0x000000060d800000|100%| O|  |TAMS 0x000000060d400000| PB 0x000000060d400000| Untracked 
|  54|0x000000060d800000, 0x000000060dc00000, 0x000000060dc00000|100%| O|  |TAMS 0x000000060d800000| PB 0x000000060d800000| Untracked 
|  55|0x000000060dc00000, 0x000000060e000000, 0x000000060e000000|100%| O|  |TAMS 0x000000060dc00000| PB 0x000000060dc00000| Untracked 
|  56|0x000000060e000000, 0x000000060e400000, 0x000000060e400000|100%| O|  |TAMS 0x000000060e000000| PB 0x000000060e000000| Untracked 
|  57|0x000000060e400000, 0x000000060e800000, 0x000000060e800000|100%| O|  |TAMS 0x000000060e400000| PB 0x000000060e400000| Untracked 
|  58|0x000000060e800000, 0x000000060ec00000, 0x000000060ec00000|100%| O|  |TAMS 0x000000060e800000| PB 0x000000060e800000| Untracked 
|  59|0x000000060ec00000, 0x000000060f000000, 0x000000060f000000|100%| O|  |TAMS 0x000000060ec00000| PB 0x000000060ec00000| Untracked 
|  60|0x000000060f000000, 0x000000060f400000, 0x000000060f400000|100%| O|  |TAMS 0x000000060f000000| PB 0x000000060f000000| Untracked 
|  61|0x000000060f400000, 0x000000060f800000, 0x000000060f800000|100%| O|  |TAMS 0x000000060f400000| PB 0x000000060f400000| Untracked 
|  62|0x000000060f800000, 0x000000060fc00000, 0x000000060fc00000|100%| O|  |TAMS 0x000000060f800000| PB 0x000000060f800000| Untracked 
|  63|0x000000060fc00000, 0x0000000610000000, 0x0000000610000000|100%| O|  |TAMS 0x000000060fc00000| PB 0x000000060fc00000| Untracked 
|  64|0x0000000610000000, 0x0000000610400000, 0x0000000610400000|100%| O|  |TAMS 0x0000000610000000| PB 0x0000000610000000| Untracked 
|  65|0x0000000610400000, 0x0000000610800000, 0x0000000610800000|100%| O|  |TAMS 0x0000000610400000| PB 0x0000000610400000| Untracked 
|  66|0x0000000610800000, 0x0000000610c00000, 0x0000000610c00000|100%| O|  |TAMS 0x0000000610800000| PB 0x0000000610800000| Untracked 
|  67|0x0000000610c00000, 0x0000000611000000, 0x0000000611000000|100%| O|  |TAMS 0x0000000610c00000| PB 0x0000000610c00000| Untracked 
|  68|0x0000000611000000, 0x0000000611400000, 0x0000000611400000|100%| O|  |TAMS 0x0000000611000000| PB 0x0000000611000000| Untracked 
|  69|0x0000000611400000, 0x0000000611800000, 0x0000000611800000|100%| O|  |TAMS 0x0000000611400000| PB 0x0000000611400000| Untracked 
|  70|0x0000000611800000, 0x0000000611c00000, 0x0000000611c00000|100%| O|  |TAMS 0x0000000611800000| PB 0x0000000611800000| Untracked 
|  71|0x0000000611c00000, 0x0000000612000000, 0x0000000612000000|100%| O|  |TAMS 0x0000000611c00000| PB 0x0000000611c00000| Untracked 
|  72|0x0000000612000000, 0x0000000612400000, 0x0000000612400000|100%| O|  |TAMS 0x0000000612000000| PB 0x0000000612000000| Untracked 
|  73|0x0000000612400000, 0x0000000612800000, 0x0000000612800000|100%| O|  |TAMS 0x0000000612400000| PB 0x0000000612400000| Untracked 
|  74|0x0000000612800000, 0x0000000612c00000, 0x0000000612c00000|100%| O|  |TAMS 0x0000000612800000| PB 0x0000000612800000| Untracked 
|  75|0x0000000612c00000, 0x0000000613000000, 0x0000000613000000|100%| O|  |TAMS 0x0000000612c00000| PB 0x0000000612c00000| Untracked 
|  76|0x0000000613000000, 0x0000000613400000, 0x0000000613400000|100%| O|  |TAMS 0x0000000613000000| PB 0x0000000613000000| Untracked 
|  77|0x0000000613400000, 0x0000000613800000, 0x0000000613800000|100%| O|  |TAMS 0x0000000613400000| PB 0x0000000613400000| Untracked 
|  78|0x0000000613800000, 0x0000000613c00000, 0x0000000613c00000|100%| O|  |TAMS 0x0000000613800000| PB 0x0000000613800000| Untracked 
|  79|0x0000000613c00000, 0x0000000614000000, 0x0000000614000000|100%| O|  |TAMS 0x0000000613c00000| PB 0x0000000613c00000| Untracked 
|  80|0x0000000614000000, 0x0000000614400000, 0x0000000614400000|100%| O|  |TAMS 0x0000000614000000| PB 0x0000000614000000| Untracked 
|  81|0x0000000614400000, 0x0000000614800000, 0x0000000614800000|100%| O|  |TAMS 0x0000000614400000| PB 0x0000000614400000| Untracked 
|  82|0x0000000614800000, 0x0000000614c00000, 0x0000000614c00000|100%| O|  |TAMS 0x0000000614800000| PB 0x0000000614800000| Untracked 
|  83|0x0000000614c00000, 0x0000000615000000, 0x0000000615000000|100%| O|  |TAMS 0x0000000614c00000| PB 0x0000000614c00000| Untracked 
|  84|0x0000000615000000, 0x0000000615400000, 0x0000000615400000|100%| O|  |TAMS 0x0000000615000000| PB 0x0000000615000000| Untracked 
|  85|0x0000000615400000, 0x0000000615800000, 0x0000000615800000|100%| O|  |TAMS 0x0000000615400000| PB 0x0000000615400000| Untracked 
|  86|0x0000000615800000, 0x0000000615c00000, 0x0000000615c00000|100%| O|  |TAMS 0x0000000615800000| PB 0x0000000615800000| Untracked 
|  87|0x0000000615c00000, 0x0000000616000000, 0x0000000616000000|100%| O|  |TAMS 0x0000000615c00000| PB 0x0000000615c00000| Untracked 
|  88|0x0000000616000000, 0x0000000616400000, 0x0000000616400000|100%| O|  |TAMS 0x0000000616000000| PB 0x0000000616000000| Untracked 
|  89|0x0000000616400000, 0x0000000616800000, 0x0000000616800000|100%| O|  |TAMS 0x0000000616400000| PB 0x0000000616400000| Untracked 
|  90|0x0000000616800000, 0x0000000616c00000, 0x0000000616c00000|100%| O|  |TAMS 0x0000000616800000| PB 0x0000000616800000| Untracked 
|  91|0x0000000616c00000, 0x0000000617000000, 0x0000000617000000|100%| O|  |TAMS 0x0000000616c00000| PB 0x0000000616c00000| Untracked 
|  92|0x0000000617000000, 0x0000000617400000, 0x0000000617400000|100%|HS|  |TAMS 0x0000000617000000| PB 0x0000000617000000| Complete 
|  93|0x0000000617400000, 0x0000000617800000, 0x0000000617800000|100%|HC|  |TAMS 0x0000000617400000| PB 0x0000000617400000| Complete 
|  94|0x0000000617800000, 0x0000000617c00000, 0x0000000617c00000|100%| O|  |TAMS 0x0000000617800000| PB 0x0000000617800000| Untracked 
|  95|0x0000000617c00000, 0x0000000618000000, 0x0000000618000000|100%| O|  |TAMS 0x0000000617c00000| PB 0x0000000617c00000| Untracked 
|  96|0x0000000618000000, 0x0000000618298e00, 0x0000000618400000| 64%| O|  |TAMS 0x0000000618000000| PB 0x0000000618000000| Untracked 
|  97|0x0000000618400000, 0x0000000618800000, 0x0000000618800000|100%|HS|  |TAMS 0x0000000618400000| PB 0x0000000618400000| Complete 
|  98|0x0000000618800000, 0x0000000618c00000, 0x0000000618c00000|100%|HC|  |TAMS 0x0000000618800000| PB 0x0000000618800000| Complete 
|  99|0x0000000618c00000, 0x0000000619000000, 0x0000000619000000|100%|HS|  |TAMS 0x0000000618c00000| PB 0x0000000618c00000| Complete 
| 100|0x0000000619000000, 0x0000000619400000, 0x0000000619400000|100%|HC|  |TAMS 0x0000000619000000| PB 0x0000000619000000| Complete 
| 101|0x0000000619400000, 0x0000000619400000, 0x0000000619800000|  0%| F|  |TAMS 0x0000000619400000| PB 0x0000000619400000| Untracked 
| 102|0x0000000619800000, 0x0000000619800000, 0x0000000619c00000|  0%| F|  |TAMS 0x0000000619800000| PB 0x0000000619800000| Untracked 
| 103|0x0000000619c00000, 0x0000000619c00000, 0x000000061a000000|  0%| F|  |TAMS 0x0000000619c00000| PB 0x0000000619c00000| Untracked 
| 104|0x000000061a000000, 0x000000061a000000, 0x000000061a400000|  0%| F|  |TAMS 0x000000061a000000| PB 0x000000061a000000| Untracked 
| 105|0x000000061a400000, 0x000000061a400000, 0x000000061a800000|  0%| F|  |TAMS 0x000000061a400000| PB 0x000000061a400000| Untracked 
| 106|0x000000061a800000, 0x000000061a800000, 0x000000061ac00000|  0%| F|  |TAMS 0x000000061a800000| PB 0x000000061a800000| Untracked 
| 107|0x000000061ac00000, 0x000000061ac00000, 0x000000061b000000|  0%| F|  |TAMS 0x000000061ac00000| PB 0x000000061ac00000| Untracked 
| 108|0x000000061b000000, 0x000000061b000000, 0x000000061b400000|  0%| F|  |TAMS 0x000000061b000000| PB 0x000000061b000000| Untracked 
| 109|0x000000061b400000, 0x000000061b400000, 0x000000061b800000|  0%| F|  |TAMS 0x000000061b400000| PB 0x000000061b400000| Untracked 
| 110|0x000000061b800000, 0x000000061b800000, 0x000000061bc00000|  0%| F|  |TAMS 0x000000061b800000| PB 0x000000061b800000| Untracked 
| 111|0x000000061bc00000, 0x000000061bc00000, 0x000000061c000000|  0%| F|  |TAMS 0x000000061bc00000| PB 0x000000061bc00000| Untracked 
| 112|0x000000061c000000, 0x000000061c000000, 0x000000061c400000|  0%| F|  |TAMS 0x000000061c000000| PB 0x000000061c000000| Untracked 
| 113|0x000000061c400000, 0x000000061c400000, 0x000000061c800000|  0%| F|  |TAMS 0x000000061c400000| PB 0x000000061c400000| Untracked 
| 114|0x000000061c800000, 0x000000061c800000, 0x000000061cc00000|  0%| F|  |TAMS 0x000000061c800000| PB 0x000000061c800000| Untracked 
| 115|0x000000061cc00000, 0x000000061cc00000, 0x000000061d000000|  0%| F|  |TAMS 0x000000061cc00000| PB 0x000000061cc00000| Untracked 
| 116|0x000000061d000000, 0x000000061d000000, 0x000000061d400000|  0%| F|  |TAMS 0x000000061d000000| PB 0x000000061d000000| Untracked 
| 117|0x000000061d400000, 0x000000061d400000, 0x000000061d800000|  0%| F|  |TAMS 0x000000061d400000| PB 0x000000061d400000| Untracked 
| 118|0x000000061d800000, 0x000000061d800000, 0x000000061dc00000|  0%| F|  |TAMS 0x000000061d800000| PB 0x000000061d800000| Untracked 
| 119|0x000000061dc00000, 0x000000061dc00000, 0x000000061e000000|  0%| F|  |TAMS 0x000000061dc00000| PB 0x000000061dc00000| Untracked 
| 120|0x000000061e000000, 0x000000061e000000, 0x000000061e400000|  0%| F|  |TAMS 0x000000061e000000| PB 0x000000061e000000| Untracked 
| 121|0x000000061e400000, 0x000000061e400000, 0x000000061e800000|  0%| F|  |TAMS 0x000000061e400000| PB 0x000000061e400000| Untracked 
| 122|0x000000061e800000, 0x000000061e800000, 0x000000061ec00000|  0%| F|  |TAMS 0x000000061e800000| PB 0x000000061e800000| Untracked 
| 123|0x000000061ec00000, 0x000000061ec00000, 0x000000061f000000|  0%| F|  |TAMS 0x000000061ec00000| PB 0x000000061ec00000| Untracked 
| 124|0x000000061f000000, 0x000000061f000000, 0x000000061f400000|  0%| F|  |TAMS 0x000000061f000000| PB 0x000000061f000000| Untracked 
| 125|0x000000061f400000, 0x000000061f400000, 0x000000061f800000|  0%| F|  |TAMS 0x000000061f400000| PB 0x000000061f400000| Untracked 
| 126|0x000000061f800000, 0x000000061f800000, 0x000000061fc00000|  0%| F|  |TAMS 0x000000061f800000| PB 0x000000061f800000| Untracked 
| 127|0x000000061fc00000, 0x000000061fc00000, 0x0000000620000000|  0%| F|  |TAMS 0x000000061fc00000| PB 0x000000061fc00000| Untracked 
| 128|0x0000000620000000, 0x0000000620000000, 0x0000000620400000|  0%| F|  |TAMS 0x0000000620000000| PB 0x0000000620000000| Untracked 
| 129|0x0000000620400000, 0x0000000620400000, 0x0000000620800000|  0%| F|  |TAMS 0x0000000620400000| PB 0x0000000620400000| Untracked 
| 130|0x0000000620800000, 0x0000000620800000, 0x0000000620c00000|  0%| F|  |TAMS 0x0000000620800000| PB 0x0000000620800000| Untracked 
| 131|0x0000000620c00000, 0x0000000620c00000, 0x0000000621000000|  0%| F|  |TAMS 0x0000000620c00000| PB 0x0000000620c00000| Untracked 
| 132|0x0000000621000000, 0x0000000621000000, 0x0000000621400000|  0%| F|  |TAMS 0x0000000621000000| PB 0x0000000621000000| Untracked 
| 133|0x0000000621400000, 0x0000000621400000, 0x0000000621800000|  0%| F|  |TAMS 0x0000000621400000| PB 0x0000000621400000| Untracked 
| 134|0x0000000621800000, 0x0000000621800000, 0x0000000621c00000|  0%| F|  |TAMS 0x0000000621800000| PB 0x0000000621800000| Untracked 
| 135|0x0000000621c00000, 0x0000000621c00000, 0x0000000622000000|  0%| F|  |TAMS 0x0000000621c00000| PB 0x0000000621c00000| Untracked 
| 136|0x0000000622000000, 0x0000000622000000, 0x0000000622400000|  0%| F|  |TAMS 0x0000000622000000| PB 0x0000000622000000| Untracked 
| 137|0x0000000622400000, 0x0000000622400000, 0x0000000622800000|  0%| F|  |TAMS 0x0000000622400000| PB 0x0000000622400000| Untracked 
| 138|0x0000000622800000, 0x0000000622800000, 0x0000000622c00000|  0%| F|  |TAMS 0x0000000622800000| PB 0x0000000622800000| Untracked 
| 139|0x0000000622c00000, 0x0000000622c00000, 0x0000000623000000|  0%| F|  |TAMS 0x0000000622c00000| PB 0x0000000622c00000| Untracked 
| 140|0x0000000623000000, 0x0000000623000000, 0x0000000623400000|  0%| F|  |TAMS 0x0000000623000000| PB 0x0000000623000000| Untracked 
| 141|0x0000000623400000, 0x0000000623400000, 0x0000000623800000|  0%| F|  |TAMS 0x0000000623400000| PB 0x0000000623400000| Untracked 
| 142|0x0000000623800000, 0x0000000623800000, 0x0000000623c00000|  0%| F|  |TAMS 0x0000000623800000| PB 0x0000000623800000| Untracked 
| 143|0x0000000623c00000, 0x0000000623c00000, 0x0000000624000000|  0%| F|  |TAMS 0x0000000623c00000| PB 0x0000000623c00000| Untracked 
| 144|0x0000000624000000, 0x0000000624000000, 0x0000000624400000|  0%| F|  |TAMS 0x0000000624000000| PB 0x0000000624000000| Untracked 
| 145|0x0000000624400000, 0x0000000624400000, 0x0000000624800000|  0%| F|  |TAMS 0x0000000624400000| PB 0x0000000624400000| Untracked 
| 146|0x0000000624800000, 0x0000000624800000, 0x0000000624c00000|  0%| F|  |TAMS 0x0000000624800000| PB 0x0000000624800000| Untracked 
| 147|0x0000000624c00000, 0x0000000624c00000, 0x0000000625000000|  0%| F|  |TAMS 0x0000000624c00000| PB 0x0000000624c00000| Untracked 
| 148|0x0000000625000000, 0x0000000625000000, 0x0000000625400000|  0%| F|  |TAMS 0x0000000625000000| PB 0x0000000625000000| Untracked 
| 149|0x0000000625400000, 0x0000000625400000, 0x0000000625800000|  0%| F|  |TAMS 0x0000000625400000| PB 0x0000000625400000| Untracked 
| 150|0x0000000625800000, 0x0000000625800000, 0x0000000625c00000|  0%| F|  |TAMS 0x0000000625800000| PB 0x0000000625800000| Untracked 
| 151|0x0000000625c00000, 0x0000000625c00000, 0x0000000626000000|  0%| F|  |TAMS 0x0000000625c00000| PB 0x0000000625c00000| Untracked 
| 152|0x0000000626000000, 0x0000000626000000, 0x0000000626400000|  0%| F|  |TAMS 0x0000000626000000| PB 0x0000000626000000| Untracked 
| 153|0x0000000626400000, 0x0000000626400000, 0x0000000626800000|  0%| F|  |TAMS 0x0000000626400000| PB 0x0000000626400000| Untracked 
| 154|0x0000000626800000, 0x0000000626800000, 0x0000000626c00000|  0%| F|  |TAMS 0x0000000626800000| PB 0x0000000626800000| Untracked 
| 155|0x0000000626c00000, 0x0000000626c00000, 0x0000000627000000|  0%| F|  |TAMS 0x0000000626c00000| PB 0x0000000626c00000| Untracked 
| 156|0x0000000627000000, 0x0000000627000000, 0x0000000627400000|  0%| F|  |TAMS 0x0000000627000000| PB 0x0000000627000000| Untracked 
| 157|0x0000000627400000, 0x0000000627400000, 0x0000000627800000|  0%| F|  |TAMS 0x0000000627400000| PB 0x0000000627400000| Untracked 
| 158|0x0000000627800000, 0x0000000627800000, 0x0000000627c00000|  0%| F|  |TAMS 0x0000000627800000| PB 0x0000000627800000| Untracked 
| 159|0x0000000627c00000, 0x0000000627c00000, 0x0000000628000000|  0%| F|  |TAMS 0x0000000627c00000| PB 0x0000000627c00000| Untracked 
| 160|0x0000000628000000, 0x0000000628000000, 0x0000000628400000|  0%| F|  |TAMS 0x0000000628000000| PB 0x0000000628000000| Untracked 
| 161|0x0000000628400000, 0x0000000628400000, 0x0000000628800000|  0%| F|  |TAMS 0x0000000628400000| PB 0x0000000628400000| Untracked 
| 162|0x0000000628800000, 0x0000000628800000, 0x0000000628c00000|  0%| F|  |TAMS 0x0000000628800000| PB 0x0000000628800000| Untracked 
| 163|0x0000000628c00000, 0x0000000628c00000, 0x0000000629000000|  0%| F|  |TAMS 0x0000000628c00000| PB 0x0000000628c00000| Untracked 
| 164|0x0000000629000000, 0x0000000629000000, 0x0000000629400000|  0%| F|  |TAMS 0x0000000629000000| PB 0x0000000629000000| Untracked 
| 165|0x0000000629400000, 0x0000000629400000, 0x0000000629800000|  0%| F|  |TAMS 0x0000000629400000| PB 0x0000000629400000| Untracked 
| 166|0x0000000629800000, 0x0000000629800000, 0x0000000629c00000|  0%| F|  |TAMS 0x0000000629800000| PB 0x0000000629800000| Untracked 
| 167|0x0000000629c00000, 0x0000000629c00000, 0x000000062a000000|  0%| F|  |TAMS 0x0000000629c00000| PB 0x0000000629c00000| Untracked 
| 168|0x000000062a000000, 0x000000062a000000, 0x000000062a400000|  0%| F|  |TAMS 0x000000062a000000| PB 0x000000062a000000| Untracked 
| 169|0x000000062a400000, 0x000000062a400000, 0x000000062a800000|  0%| F|  |TAMS 0x000000062a400000| PB 0x000000062a400000| Untracked 
| 170|0x000000062a800000, 0x000000062a800000, 0x000000062ac00000|  0%| F|  |TAMS 0x000000062a800000| PB 0x000000062a800000| Untracked 
| 171|0x000000062ac00000, 0x000000062ac00000, 0x000000062b000000|  0%| F|  |TAMS 0x000000062ac00000| PB 0x000000062ac00000| Untracked 
| 172|0x000000062b000000, 0x000000062b000000, 0x000000062b400000|  0%| F|  |TAMS 0x000000062b000000| PB 0x000000062b000000| Untracked 
| 173|0x000000062b400000, 0x000000062b400000, 0x000000062b800000|  0%| F|  |TAMS 0x000000062b400000| PB 0x000000062b400000| Untracked 
| 174|0x000000062b800000, 0x000000062b800000, 0x000000062bc00000|  0%| F|  |TAMS 0x000000062b800000| PB 0x000000062b800000| Untracked 
| 175|0x000000062bc00000, 0x000000062bc00000, 0x000000062c000000|  0%| F|  |TAMS 0x000000062bc00000| PB 0x000000062bc00000| Untracked 
| 176|0x000000062c000000, 0x000000062c000000, 0x000000062c400000|  0%| F|  |TAMS 0x000000062c000000| PB 0x000000062c000000| Untracked 
| 177|0x000000062c400000, 0x000000062c400000, 0x000000062c800000|  0%| F|  |TAMS 0x000000062c400000| PB 0x000000062c400000| Untracked 
| 178|0x000000062c800000, 0x000000062c800000, 0x000000062cc00000|  0%| F|  |TAMS 0x000000062c800000| PB 0x000000062c800000| Untracked 
| 179|0x000000062cc00000, 0x000000062cc00000, 0x000000062d000000|  0%| F|  |TAMS 0x000000062cc00000| PB 0x000000062cc00000| Untracked 
| 180|0x000000062d000000, 0x000000062d000000, 0x000000062d400000|  0%| F|  |TAMS 0x000000062d000000| PB 0x000000062d000000| Untracked 
| 181|0x000000062d400000, 0x000000062d400000, 0x000000062d800000|  0%| F|  |TAMS 0x000000062d400000| PB 0x000000062d400000| Untracked 
| 182|0x000000062d800000, 0x000000062d800000, 0x000000062dc00000|  0%| F|  |TAMS 0x000000062d800000| PB 0x000000062d800000| Untracked 
| 183|0x000000062dc00000, 0x000000062dc00000, 0x000000062e000000|  0%| F|  |TAMS 0x000000062dc00000| PB 0x000000062dc00000| Untracked 
| 184|0x000000062e000000, 0x000000062e000000, 0x000000062e400000|  0%| F|  |TAMS 0x000000062e000000| PB 0x000000062e000000| Untracked 
| 185|0x000000062e400000, 0x000000062e400000, 0x000000062e800000|  0%| F|  |TAMS 0x000000062e400000| PB 0x000000062e400000| Untracked 
| 186|0x000000062e800000, 0x000000062e800000, 0x000000062ec00000|  0%| F|  |TAMS 0x000000062e800000| PB 0x000000062e800000| Untracked 
| 187|0x000000062ec00000, 0x000000062ec00000, 0x000000062f000000|  0%| F|  |TAMS 0x000000062ec00000| PB 0x000000062ec00000| Untracked 
| 188|0x000000062f000000, 0x000000062f000000, 0x000000062f400000|  0%| F|  |TAMS 0x000000062f000000| PB 0x000000062f000000| Untracked 
| 189|0x000000062f400000, 0x000000062f400000, 0x000000062f800000|  0%| F|  |TAMS 0x000000062f400000| PB 0x000000062f400000| Untracked 
| 190|0x000000062f800000, 0x000000062f800000, 0x000000062fc00000|  0%| F|  |TAMS 0x000000062f800000| PB 0x000000062f800000| Untracked 
| 191|0x000000062fc00000, 0x000000062fc00000, 0x0000000630000000|  0%| F|  |TAMS 0x000000062fc00000| PB 0x000000062fc00000| Untracked 
| 192|0x0000000630000000, 0x0000000630000000, 0x0000000630400000|  0%| F|  |TAMS 0x0000000630000000| PB 0x0000000630000000| Untracked 
| 193|0x0000000630400000, 0x0000000630400000, 0x0000000630800000|  0%| F|  |TAMS 0x0000000630400000| PB 0x0000000630400000| Untracked 
| 194|0x0000000630800000, 0x0000000630800000, 0x0000000630c00000|  0%| F|  |TAMS 0x0000000630800000| PB 0x0000000630800000| Untracked 
| 195|0x0000000630c00000, 0x0000000630c00000, 0x0000000631000000|  0%| F|  |TAMS 0x0000000630c00000| PB 0x0000000630c00000| Untracked 
| 196|0x0000000631000000, 0x0000000631000000, 0x0000000631400000|  0%| F|  |TAMS 0x0000000631000000| PB 0x0000000631000000| Untracked 
| 197|0x0000000631400000, 0x0000000631400000, 0x0000000631800000|  0%| F|  |TAMS 0x0000000631400000| PB 0x0000000631400000| Untracked 
| 198|0x0000000631800000, 0x0000000631800000, 0x0000000631c00000|  0%| F|  |TAMS 0x0000000631800000| PB 0x0000000631800000| Untracked 
| 199|0x0000000631c00000, 0x0000000631c00000, 0x0000000632000000|  0%| F|  |TAMS 0x0000000631c00000| PB 0x0000000631c00000| Untracked 
| 200|0x0000000632000000, 0x0000000632000000, 0x0000000632400000|  0%| F|  |TAMS 0x0000000632000000| PB 0x0000000632000000| Untracked 
| 201|0x0000000632400000, 0x0000000632400000, 0x0000000632800000|  0%| F|  |TAMS 0x0000000632400000| PB 0x0000000632400000| Untracked 
| 202|0x0000000632800000, 0x0000000632800000, 0x0000000632c00000|  0%| F|  |TAMS 0x0000000632800000| PB 0x0000000632800000| Untracked 
| 203|0x0000000632c00000, 0x0000000632c00000, 0x0000000633000000|  0%| F|  |TAMS 0x0000000632c00000| PB 0x0000000632c00000| Untracked 
| 204|0x0000000633000000, 0x0000000633000000, 0x0000000633400000|  0%| F|  |TAMS 0x0000000633000000| PB 0x0000000633000000| Untracked 
| 205|0x0000000633400000, 0x0000000633400000, 0x0000000633800000|  0%| F|  |TAMS 0x0000000633400000| PB 0x0000000633400000| Untracked 
| 206|0x0000000633800000, 0x0000000633800000, 0x0000000633c00000|  0%| F|  |TAMS 0x0000000633800000| PB 0x0000000633800000| Untracked 
| 207|0x0000000633c00000, 0x0000000633c00000, 0x0000000634000000|  0%| F|  |TAMS 0x0000000633c00000| PB 0x0000000633c00000| Untracked 
| 208|0x0000000634000000, 0x0000000634000000, 0x0000000634400000|  0%| F|  |TAMS 0x0000000634000000| PB 0x0000000634000000| Untracked 
| 209|0x0000000634400000, 0x0000000634400000, 0x0000000634800000|  0%| F|  |TAMS 0x0000000634400000| PB 0x0000000634400000| Untracked 
| 210|0x0000000634800000, 0x0000000634800000, 0x0000000634c00000|  0%| F|  |TAMS 0x0000000634800000| PB 0x0000000634800000| Untracked 
| 211|0x0000000634c00000, 0x0000000634c00000, 0x0000000635000000|  0%| F|  |TAMS 0x0000000634c00000| PB 0x0000000634c00000| Untracked 
| 212|0x0000000635000000, 0x0000000635000000, 0x0000000635400000|  0%| F|  |TAMS 0x0000000635000000| PB 0x0000000635000000| Untracked 
| 213|0x0000000635400000, 0x0000000635400000, 0x0000000635800000|  0%| F|  |TAMS 0x0000000635400000| PB 0x0000000635400000| Untracked 
| 214|0x0000000635800000, 0x0000000635800000, 0x0000000635c00000|  0%| F|  |TAMS 0x0000000635800000| PB 0x0000000635800000| Untracked 
| 215|0x0000000635c00000, 0x0000000635c00000, 0x0000000636000000|  0%| F|  |TAMS 0x0000000635c00000| PB 0x0000000635c00000| Untracked 
| 216|0x0000000636000000, 0x0000000636000000, 0x0000000636400000|  0%| F|  |TAMS 0x0000000636000000| PB 0x0000000636000000| Untracked 
| 217|0x0000000636400000, 0x0000000636400000, 0x0000000636800000|  0%| F|  |TAMS 0x0000000636400000| PB 0x0000000636400000| Untracked 
| 218|0x0000000636800000, 0x0000000636800000, 0x0000000636c00000|  0%| F|  |TAMS 0x0000000636800000| PB 0x0000000636800000| Untracked 
| 219|0x0000000636c00000, 0x0000000636c00000, 0x0000000637000000|  0%| F|  |TAMS 0x0000000636c00000| PB 0x0000000636c00000| Untracked 
| 220|0x0000000637000000, 0x0000000637000000, 0x0000000637400000|  0%| F|  |TAMS 0x0000000637000000| PB 0x0000000637000000| Untracked 
| 221|0x0000000637400000, 0x0000000637400000, 0x0000000637800000|  0%| F|  |TAMS 0x0000000637400000| PB 0x0000000637400000| Untracked 
| 222|0x0000000637800000, 0x0000000637800000, 0x0000000637c00000|  0%| F|  |TAMS 0x0000000637800000| PB 0x0000000637800000| Untracked 
| 223|0x0000000637c00000, 0x0000000637c00000, 0x0000000638000000|  0%| F|  |TAMS 0x0000000637c00000| PB 0x0000000637c00000| Untracked 
| 224|0x0000000638000000, 0x0000000638000000, 0x0000000638400000|  0%| F|  |TAMS 0x0000000638000000| PB 0x0000000638000000| Untracked 
| 225|0x0000000638400000, 0x0000000638400000, 0x0000000638800000|  0%| F|  |TAMS 0x0000000638400000| PB 0x0000000638400000| Untracked 
| 226|0x0000000638800000, 0x0000000638800000, 0x0000000638c00000|  0%| F|  |TAMS 0x0000000638800000| PB 0x0000000638800000| Untracked 
| 227|0x0000000638c00000, 0x0000000638c00000, 0x0000000639000000|  0%| F|  |TAMS 0x0000000638c00000| PB 0x0000000638c00000| Untracked 
| 228|0x0000000639000000, 0x0000000639000000, 0x0000000639400000|  0%| F|  |TAMS 0x0000000639000000| PB 0x0000000639000000| Untracked 
| 229|0x0000000639400000, 0x0000000639400000, 0x0000000639800000|  0%| F|  |TAMS 0x0000000639400000| PB 0x0000000639400000| Untracked 
| 230|0x0000000639800000, 0x0000000639800000, 0x0000000639c00000|  0%| F|  |TAMS 0x0000000639800000| PB 0x0000000639800000| Untracked 
| 231|0x0000000639c00000, 0x0000000639c00000, 0x000000063a000000|  0%| F|  |TAMS 0x0000000639c00000| PB 0x0000000639c00000| Untracked 
| 232|0x000000063a000000, 0x000000063a000000, 0x000000063a400000|  0%| F|  |TAMS 0x000000063a000000| PB 0x000000063a000000| Untracked 
| 233|0x000000063a400000, 0x000000063a400000, 0x000000063a800000|  0%| F|  |TAMS 0x000000063a400000| PB 0x000000063a400000| Untracked 
| 234|0x000000063a800000, 0x000000063a800000, 0x000000063ac00000|  0%| F|  |TAMS 0x000000063a800000| PB 0x000000063a800000| Untracked 
| 235|0x000000063ac00000, 0x000000063ac00000, 0x000000063b000000|  0%| F|  |TAMS 0x000000063ac00000| PB 0x000000063ac00000| Untracked 
| 236|0x000000063b000000, 0x000000063b000000, 0x000000063b400000|  0%| F|  |TAMS 0x000000063b000000| PB 0x000000063b000000| Untracked 
| 237|0x000000063b400000, 0x000000063b400000, 0x000000063b800000|  0%| F|  |TAMS 0x000000063b400000| PB 0x000000063b400000| Untracked 
| 238|0x000000063b800000, 0x000000063b800000, 0x000000063bc00000|  0%| F|  |TAMS 0x000000063b800000| PB 0x000000063b800000| Untracked 
| 239|0x000000063bc00000, 0x000000063bc00000, 0x000000063c000000|  0%| F|  |TAMS 0x000000063bc00000| PB 0x000000063bc00000| Untracked 
| 240|0x000000063c000000, 0x000000063c000000, 0x000000063c400000|  0%| F|  |TAMS 0x000000063c000000| PB 0x000000063c000000| Untracked 
| 241|0x000000063c400000, 0x000000063c400000, 0x000000063c800000|  0%| F|  |TAMS 0x000000063c400000| PB 0x000000063c400000| Untracked 
| 242|0x000000063c800000, 0x000000063c800000, 0x000000063cc00000|  0%| F|  |TAMS 0x000000063c800000| PB 0x000000063c800000| Untracked 
| 243|0x000000063cc00000, 0x000000063cc00000, 0x000000063d000000|  0%| F|  |TAMS 0x000000063cc00000| PB 0x000000063cc00000| Untracked 
| 244|0x000000063d000000, 0x000000063d000000, 0x000000063d400000|  0%| F|  |TAMS 0x000000063d000000| PB 0x000000063d000000| Untracked 
| 245|0x000000063d400000, 0x000000063d400000, 0x000000063d800000|  0%| F|  |TAMS 0x000000063d400000| PB 0x000000063d400000| Untracked 
| 246|0x000000063d800000, 0x000000063d800000, 0x000000063dc00000|  0%| F|  |TAMS 0x000000063d800000| PB 0x000000063d800000| Untracked 
| 247|0x000000063dc00000, 0x000000063dc00000, 0x000000063e000000|  0%| F|  |TAMS 0x000000063dc00000| PB 0x000000063dc00000| Untracked 
| 248|0x000000063e000000, 0x000000063e000000, 0x000000063e400000|  0%| F|  |TAMS 0x000000063e000000| PB 0x000000063e000000| Untracked 
| 249|0x000000063e400000, 0x000000063e400000, 0x000000063e800000|  0%| F|  |TAMS 0x000000063e400000| PB 0x000000063e400000| Untracked 
| 250|0x000000063e800000, 0x000000063e800000, 0x000000063ec00000|  0%| F|  |TAMS 0x000000063e800000| PB 0x000000063e800000| Untracked 
| 251|0x000000063ec00000, 0x000000063ec00000, 0x000000063f000000|  0%| F|  |TAMS 0x000000063ec00000| PB 0x000000063ec00000| Untracked 
| 252|0x000000063f000000, 0x000000063f000000, 0x000000063f400000|  0%| F|  |TAMS 0x000000063f000000| PB 0x000000063f000000| Untracked 
| 253|0x000000063f400000, 0x000000063f400000, 0x000000063f800000|  0%| F|  |TAMS 0x000000063f400000| PB 0x000000063f400000| Untracked 
| 254|0x000000063f800000, 0x000000063f800000, 0x000000063fc00000|  0%| F|  |TAMS 0x000000063f800000| PB 0x000000063f800000| Untracked 
| 255|0x000000063fc00000, 0x000000063fc00000, 0x0000000640000000|  0%| F|  |TAMS 0x000000063fc00000| PB 0x000000063fc00000| Untracked 
| 256|0x0000000640000000, 0x0000000640000000, 0x0000000640400000|  0%| F|  |TAMS 0x0000000640000000| PB 0x0000000640000000| Untracked 
| 257|0x0000000640400000, 0x0000000640400000, 0x0000000640800000|  0%| F|  |TAMS 0x0000000640400000| PB 0x0000000640400000| Untracked 
| 258|0x0000000640800000, 0x0000000640800000, 0x0000000640c00000|  0%| F|  |TAMS 0x0000000640800000| PB 0x0000000640800000| Untracked 
| 259|0x0000000640c00000, 0x0000000640c00000, 0x0000000641000000|  0%| F|  |TAMS 0x0000000640c00000| PB 0x0000000640c00000| Untracked 
| 260|0x0000000641000000, 0x0000000641000000, 0x0000000641400000|  0%| F|  |TAMS 0x0000000641000000| PB 0x0000000641000000| Untracked 
| 261|0x0000000641400000, 0x0000000641400000, 0x0000000641800000|  0%| F|  |TAMS 0x0000000641400000| PB 0x0000000641400000| Untracked 
| 262|0x0000000641800000, 0x0000000641800000, 0x0000000641c00000|  0%| F|  |TAMS 0x0000000641800000| PB 0x0000000641800000| Untracked 
| 263|0x0000000641c00000, 0x0000000641c00000, 0x0000000642000000|  0%| F|  |TAMS 0x0000000641c00000| PB 0x0000000641c00000| Untracked 
| 264|0x0000000642000000, 0x0000000642000000, 0x0000000642400000|  0%| F|  |TAMS 0x0000000642000000| PB 0x0000000642000000| Untracked 
| 265|0x0000000642400000, 0x0000000642400000, 0x0000000642800000|  0%| F|  |TAMS 0x0000000642400000| PB 0x0000000642400000| Untracked 
| 266|0x0000000642800000, 0x0000000642800000, 0x0000000642c00000|  0%| F|  |TAMS 0x0000000642800000| PB 0x0000000642800000| Untracked 
| 267|0x0000000642c00000, 0x0000000642c00000, 0x0000000643000000|  0%| F|  |TAMS 0x0000000642c00000| PB 0x0000000642c00000| Untracked 
| 268|0x0000000643000000, 0x0000000643000000, 0x0000000643400000|  0%| F|  |TAMS 0x0000000643000000| PB 0x0000000643000000| Untracked 
| 269|0x0000000643400000, 0x0000000643400000, 0x0000000643800000|  0%| F|  |TAMS 0x0000000643400000| PB 0x0000000643400000| Untracked 
| 270|0x0000000643800000, 0x0000000643800000, 0x0000000643c00000|  0%| F|  |TAMS 0x0000000643800000| PB 0x0000000643800000| Untracked 
| 271|0x0000000643c00000, 0x0000000643c00000, 0x0000000644000000|  0%| F|  |TAMS 0x0000000643c00000| PB 0x0000000643c00000| Untracked 
| 272|0x0000000644000000, 0x0000000644000000, 0x0000000644400000|  0%| F|  |TAMS 0x0000000644000000| PB 0x0000000644000000| Untracked 
| 273|0x0000000644400000, 0x0000000644400000, 0x0000000644800000|  0%| F|  |TAMS 0x0000000644400000| PB 0x0000000644400000| Untracked 
| 274|0x0000000644800000, 0x0000000644800000, 0x0000000644c00000|  0%| F|  |TAMS 0x0000000644800000| PB 0x0000000644800000| Untracked 
| 275|0x0000000644c00000, 0x0000000644c00000, 0x0000000645000000|  0%| F|  |TAMS 0x0000000644c00000| PB 0x0000000644c00000| Untracked 
| 276|0x0000000645000000, 0x0000000645000000, 0x0000000645400000|  0%| F|  |TAMS 0x0000000645000000| PB 0x0000000645000000| Untracked 
| 277|0x0000000645400000, 0x0000000645400000, 0x0000000645800000|  0%| F|  |TAMS 0x0000000645400000| PB 0x0000000645400000| Untracked 
| 278|0x0000000645800000, 0x0000000645800000, 0x0000000645c00000|  0%| F|  |TAMS 0x0000000645800000| PB 0x0000000645800000| Untracked 
| 279|0x0000000645c00000, 0x0000000645c00000, 0x0000000646000000|  0%| F|  |TAMS 0x0000000645c00000| PB 0x0000000645c00000| Untracked 
| 280|0x0000000646000000, 0x0000000646000000, 0x0000000646400000|  0%| F|  |TAMS 0x0000000646000000| PB 0x0000000646000000| Untracked 
| 281|0x0000000646400000, 0x0000000646400000, 0x0000000646800000|  0%| F|  |TAMS 0x0000000646400000| PB 0x0000000646400000| Untracked 
| 282|0x0000000646800000, 0x0000000646800000, 0x0000000646c00000|  0%| F|  |TAMS 0x0000000646800000| PB 0x0000000646800000| Untracked 
| 283|0x0000000646c00000, 0x0000000646c00000, 0x0000000647000000|  0%| F|  |TAMS 0x0000000646c00000| PB 0x0000000646c00000| Untracked 
| 284|0x0000000647000000, 0x0000000647000000, 0x0000000647400000|  0%| F|  |TAMS 0x0000000647000000| PB 0x0000000647000000| Untracked 
| 285|0x0000000647400000, 0x0000000647400000, 0x0000000647800000|  0%| F|  |TAMS 0x0000000647400000| PB 0x0000000647400000| Untracked 
| 286|0x0000000647800000, 0x0000000647800000, 0x0000000647c00000|  0%| F|  |TAMS 0x0000000647800000| PB 0x0000000647800000| Untracked 
| 287|0x0000000647c00000, 0x0000000647c00000, 0x0000000648000000|  0%| F|  |TAMS 0x0000000647c00000| PB 0x0000000647c00000| Untracked 
| 288|0x0000000648000000, 0x0000000648000000, 0x0000000648400000|  0%| F|  |TAMS 0x0000000648000000| PB 0x0000000648000000| Untracked 
| 289|0x0000000648400000, 0x0000000648400000, 0x0000000648800000|  0%| F|  |TAMS 0x0000000648400000| PB 0x0000000648400000| Untracked 
| 290|0x0000000648800000, 0x0000000648800000, 0x0000000648c00000|  0%| F|  |TAMS 0x0000000648800000| PB 0x0000000648800000| Untracked 
| 291|0x0000000648c00000, 0x0000000648c00000, 0x0000000649000000|  0%| F|  |TAMS 0x0000000648c00000| PB 0x0000000648c00000| Untracked 
| 292|0x0000000649000000, 0x0000000649000000, 0x0000000649400000|  0%| F|  |TAMS 0x0000000649000000| PB 0x0000000649000000| Untracked 
| 293|0x0000000649400000, 0x0000000649400000, 0x0000000649800000|  0%| F|  |TAMS 0x0000000649400000| PB 0x0000000649400000| Untracked 
| 294|0x0000000649800000, 0x0000000649acc6f0, 0x0000000649c00000| 69%| E|  |TAMS 0x0000000649800000| PB 0x0000000649800000| Complete 
| 295|0x0000000649c00000, 0x000000064a000000, 0x000000064a000000|100%| E|CS|TAMS 0x0000000649c00000| PB 0x0000000649c00000| Complete 
| 296|0x000000064a000000, 0x000000064a400000, 0x000000064a400000|100%| E|CS|TAMS 0x000000064a000000| PB 0x000000064a000000| Complete 
| 297|0x000000064a400000, 0x000000064a800000, 0x000000064a800000|100%| E|CS|TAMS 0x000000064a400000| PB 0x000000064a400000| Complete 
| 298|0x000000064a800000, 0x000000064ac00000, 0x000000064ac00000|100%| E|CS|TAMS 0x000000064a800000| PB 0x000000064a800000| Complete 
| 299|0x000000064ac00000, 0x000000064b000000, 0x000000064b000000|100%| E|CS|TAMS 0x000000064ac00000| PB 0x000000064ac00000| Complete 
| 300|0x000000064b000000, 0x000000064b400000, 0x000000064b400000|100%| E|CS|TAMS 0x000000064b000000| PB 0x000000064b000000| Complete 
| 301|0x000000064b400000, 0x000000064b800000, 0x000000064b800000|100%| E|CS|TAMS 0x000000064b400000| PB 0x000000064b400000| Complete 
| 302|0x000000064b800000, 0x000000064bc00000, 0x000000064bc00000|100%| E|CS|TAMS 0x000000064b800000| PB 0x000000064b800000| Complete 
| 303|0x000000064bc00000, 0x000000064c000000, 0x000000064c000000|100%| E|CS|TAMS 0x000000064bc00000| PB 0x000000064bc00000| Complete 
| 304|0x000000064c000000, 0x000000064c400000, 0x000000064c400000|100%| E|CS|TAMS 0x000000064c000000| PB 0x000000064c000000| Complete 
| 305|0x000000064c400000, 0x000000064c800000, 0x000000064c800000|100%| E|CS|TAMS 0x000000064c400000| PB 0x000000064c400000| Complete 
| 306|0x000000064c800000, 0x000000064cc00000, 0x000000064cc00000|100%| E|CS|TAMS 0x000000064c800000| PB 0x000000064c800000| Complete 
| 307|0x000000064cc00000, 0x000000064d000000, 0x000000064d000000|100%| E|CS|TAMS 0x000000064cc00000| PB 0x000000064cc00000| Complete 
| 308|0x000000064d000000, 0x000000064d400000, 0x000000064d400000|100%| E|CS|TAMS 0x000000064d000000| PB 0x000000064d000000| Complete 
| 309|0x000000064d400000, 0x000000064d800000, 0x000000064d800000|100%| E|CS|TAMS 0x000000064d400000| PB 0x000000064d400000| Complete 
| 310|0x000000064d800000, 0x000000064dc00000, 0x000000064dc00000|100%| E|CS|TAMS 0x000000064d800000| PB 0x000000064d800000| Complete 
| 311|0x000000064dc00000, 0x000000064e000000, 0x000000064e000000|100%| E|CS|TAMS 0x000000064dc00000| PB 0x000000064dc00000| Complete 
| 312|0x000000064e000000, 0x000000064e400000, 0x000000064e400000|100%| E|CS|TAMS 0x000000064e000000| PB 0x000000064e000000| Complete 
| 313|0x000000064e400000, 0x000000064e800000, 0x000000064e800000|100%| E|CS|TAMS 0x000000064e400000| PB 0x000000064e400000| Complete 
| 314|0x000000064e800000, 0x000000064ec00000, 0x000000064ec00000|100%| E|CS|TAMS 0x000000064e800000| PB 0x000000064e800000| Complete 
| 315|0x000000064ec00000, 0x000000064f000000, 0x000000064f000000|100%| E|CS|TAMS 0x000000064ec00000| PB 0x000000064ec00000| Complete 
| 316|0x000000064f000000, 0x000000064f400000, 0x000000064f400000|100%| E|CS|TAMS 0x000000064f000000| PB 0x000000064f000000| Complete 
| 317|0x000000064f400000, 0x000000064f800000, 0x000000064f800000|100%| E|CS|TAMS 0x000000064f400000| PB 0x000000064f400000| Complete 
| 318|0x000000064f800000, 0x000000064f841248, 0x000000064fc00000|  6%| S|CS|TAMS 0x000000064f800000| PB 0x000000064f800000| Complete 
| 319|0x000000064fc00000, 0x0000000650000000, 0x0000000650000000|100%| S|CS|TAMS 0x000000064fc00000| PB 0x000000064fc00000| Complete 
| 320|0x0000000650000000, 0x0000000650400000, 0x0000000650400000|100%| E|CS|TAMS 0x0000000650000000| PB 0x0000000650000000| Complete 
| 321|0x0000000650400000, 0x0000000650800000, 0x0000000650800000|100%| E|CS|TAMS 0x0000000650400000| PB 0x0000000650400000| Complete 
| 322|0x0000000650800000, 0x0000000650c00000, 0x0000000650c00000|100%| E|CS|TAMS 0x0000000650800000| PB 0x0000000650800000| Complete 
| 323|0x0000000650c00000, 0x0000000651000000, 0x0000000651000000|100%| E|CS|TAMS 0x0000000650c00000| PB 0x0000000650c00000| Complete 
| 324|0x0000000651000000, 0x0000000651400000, 0x0000000651400000|100%| E|CS|TAMS 0x0000000651000000| PB 0x0000000651000000| Complete 
| 325|0x0000000651400000, 0x0000000651800000, 0x0000000651800000|100%| E|CS|TAMS 0x0000000651400000| PB 0x0000000651400000| Complete 
| 326|0x0000000651800000, 0x0000000651c00000, 0x0000000651c00000|100%| E|CS|TAMS 0x0000000651800000| PB 0x0000000651800000| Complete 
| 327|0x0000000651c00000, 0x0000000652000000, 0x0000000652000000|100%| E|CS|TAMS 0x0000000651c00000| PB 0x0000000651c00000| Complete 
| 328|0x0000000652000000, 0x0000000652400000, 0x0000000652400000|100%| E|CS|TAMS 0x0000000652000000| PB 0x0000000652000000| Complete 
| 329|0x0000000652400000, 0x0000000652800000, 0x0000000652800000|100%| E|CS|TAMS 0x0000000652400000| PB 0x0000000652400000| Complete 
| 330|0x0000000652800000, 0x0000000652c00000, 0x0000000652c00000|100%| E|CS|TAMS 0x0000000652800000| PB 0x0000000652800000| Complete 
| 331|0x0000000652c00000, 0x0000000653000000, 0x0000000653000000|100%| E|CS|TAMS 0x0000000652c00000| PB 0x0000000652c00000| Complete 
| 332|0x0000000653000000, 0x0000000653400000, 0x0000000653400000|100%| E|CS|TAMS 0x0000000653000000| PB 0x0000000653000000| Complete 
| 333|0x0000000653400000, 0x0000000653800000, 0x0000000653800000|100%| E|CS|TAMS 0x0000000653400000| PB 0x0000000653400000| Complete 
| 334|0x0000000653800000, 0x0000000653c00000, 0x0000000653c00000|100%| E|CS|TAMS 0x0000000653800000| PB 0x0000000653800000| Complete 
| 335|0x0000000653c00000, 0x0000000654000000, 0x0000000654000000|100%| E|CS|TAMS 0x0000000653c00000| PB 0x0000000653c00000| Complete 
| 336|0x0000000654000000, 0x0000000654400000, 0x0000000654400000|100%| E|CS|TAMS 0x0000000654000000| PB 0x0000000654000000| Complete 
| 337|0x0000000654400000, 0x0000000654800000, 0x0000000654800000|100%| E|CS|TAMS 0x0000000654400000| PB 0x0000000654400000| Complete 
| 338|0x0000000654800000, 0x0000000654c00000, 0x0000000654c00000|100%| E|CS|TAMS 0x0000000654800000| PB 0x0000000654800000| Complete 
| 339|0x0000000654c00000, 0x0000000655000000, 0x0000000655000000|100%| E|CS|TAMS 0x0000000654c00000| PB 0x0000000654c00000| Complete 

Card table byte_map: [0x000002b65a6f0000,0x000002b65b6f0000] _byte_map_base: 0x000002b6576f0000

Marking Bits: (CMBitMap*) 0x000002b62f2577b0
 Bits: [0x000002b65c6f0000, 0x000002b6646f0000)

Polling page: 0x000002b62f0d0000

Metaspace:

Usage:
  Non-class:    197.25 MB used.
      Class:     27.51 MB used.
       Both:    224.76 MB used.

Virtual space:
  Non-class space:      256.00 MB reserved,     198.88 MB ( 78%) committed,  4 nodes.
      Class space:        1.00 GB reserved,      29.12 MB (  3%) committed,  1 nodes.
             Both:        1.25 GB reserved,     228.00 MB ( 18%) committed. 

Chunk freelists:
   Non-Class:  1.17 MB
       Class:  2.91 MB
        Both:  4.08 MB

MaxMetaspaceSize: 4.00 GB
CompressedClassSpaceSize: 1.00 GB
Initial GC threshold: 21.00 MB
Current GC threshold: 281.50 MB
CDS: on
MetaspaceReclaimPolicy: balanced
 - commit_granule_bytes: 65536.
 - commit_granule_words: 8192.
 - virtual_space_node_default_size: 8388608.
 - enlarge_chunks_in_place: 1.
 - new_chunks_are_fully_committed: 0.
 - uncommit_free_chunks: 1.
 - use_allocation_guard: 0.


Internal statistics:

num_allocs_failed_limit: 18.
num_arena_births: 6080.
num_arena_deaths: 20.
num_vsnodes_births: 5.
num_vsnodes_deaths: 0.
num_space_committed: 3643.
num_space_uncommitted: 0.
num_chunks_returned_to_freelist: 48.
num_chunks_taken_from_freelist: 15652.
num_chunk_merges: 26.
num_chunk_splits: 10874.
num_chunks_enlarged: 7575.
num_inconsistent_stats: 0.

CodeHeap 'non-profiled nmethods': size=259264Kb used=28644Kb max_used=28644Kb free=230619Kb
 bounds [0x000002b648d10000, 0x000002b64a910000, 0x000002b658a40000]
CodeHeap 'profiled nmethods': size=259264Kb used=83809Kb max_used=83809Kb free=175454Kb
 bounds [0x000002b638a40000, 0x000002b63dc20000, 0x000002b648770000]
CodeHeap 'non-nmethods': size=5760Kb used=3431Kb max_used=3479Kb free=2328Kb
 bounds [0x000002b648770000, 0x000002b648ae0000, 0x000002b648d10000]
 total_blobs=34823 nmethods=33475 adapters=1254
 compilation: enabled
              stopped_count=0, restarted_count=0
 full_count=0

Compilation events (20 events):
Event: 1134.871 Thread 0x000002b66495bbd0 42088       3       org.jetbrains.kotlin.parsing.KotlinExpressionParsing::parseCallWithClosure (40 bytes)
Event: 1134.872 Thread 0x000002b66495bbd0 nmethod 42088 0x000002b63dc02310 code [0x000002b63dc02520, 0x000002b63dc02c00]
Event: 1134.872 Thread 0x000002b66495bbd0 42080       3       org.jetbrains.kotlin.resolve.calls.components.InferenceSession$Companion$default$1::writeOnlyStubs (8 bytes)
Event: 1134.874 Thread 0x000002b66495bbd0 nmethod 42080 0x000002b63dc02f10 code [0x000002b63dc03100, 0x000002b63dc03690]
Event: 1134.874 Thread 0x000002b66495bbd0 42081       3       org.jetbrains.kotlin.resolve.calls.tower.ResolvedAtomCompleter::<init> (217 bytes)
Event: 1134.882 Thread 0x000002b66495bbd0 nmethod 42081 0x000002b63dc03890 code [0x000002b63dc03fe0, 0x000002b63dc08188]
Event: 1134.882 Thread 0x000002b66495bbd0 42086       3       org.jetbrains.kotlin.resolve.calls.DiagnosticReporterByTrackingStrategy::<init> (110 bytes)
Event: 1134.886 Thread 0x000002b66495bbd0 nmethod 42086 0x000002b63dc09890 code [0x000002b63dc09da0, 0x000002b63dc0c690]
Event: 1134.886 Thread 0x000002b66495bbd0 42089       1       org.jetbrains.kotlin.parsing.KotlinParsing$ModifierDetector::isEnumDetected (5 bytes)
Event: 1134.887 Thread 0x000002b66495bbd0 nmethod 42089 0x000002b64a908990 code [0x000002b64a908b00, 0x000002b64a908bd0]
Event: 1134.887 Thread 0x000002b66495bbd0 42090       1       org.jetbrains.kotlin.load.java.lazy.types.JavaTypeAttributes::getVisitedTypeParameters (5 bytes)
Event: 1134.887 Thread 0x000002b66495bbd0 nmethod 42090 0x000002b64a908c90 code [0x000002b64a908e00, 0x000002b64a908ed0]
Event: 1134.923 Thread 0x000002b66495bbd0 42091       3       org.jetbrains.kotlin.serialization.deserialization.descriptors.DeserializedClassDescriptor::getConstructors (13 bytes)
Event: 1134.924 Thread 0x000002b66495bbd0 nmethod 42091 0x000002b63dc0d490 code [0x000002b63dc0d640, 0x000002b63dc0d920]
Event: 1134.924 Thread 0x000002b66495bbd0 42092       3       org.jetbrains.kotlin.resolve.constants.EnumValue::<init> (32 bytes)
Event: 1134.925 Thread 0x000002b66495bbd0 nmethod 42092 0x000002b63dc0da10 code [0x000002b63dc0dcc0, 0x000002b63dc0eaf8]
Event: 1134.944 Thread 0x000002b66495bbd0 42093       3       org.jetbrains.kotlin.resolve.calls.model.SimpleCandidateFactory::createReceiverArgument (55 bytes)
Event: 1134.946 Thread 0x000002b66495bbd0 nmethod 42093 0x000002b63dc0ef90 code [0x000002b63dc0f160, 0x000002b63dc0f7a8]
Event: 1134.953 Thread 0x000002b66495bbd0 42094       3       org.jetbrains.kotlin.resolve.calls.components.UnitTypeConversions::conversionDefinitelyNotNeeded (208 bytes)
Event: 1135.950 Thread 0x000002b66495bbd0 nmethod 42094 0x000002b63dc0f910 code [0x000002b63dc0fde0, 0x000002b63dc12330]

GC Heap History (20 events):
Event: 594.619 GC heap before
{Heap before GC invocations=158 (full 0):
 garbage-first heap   total 1392640K, used 346090K [0x0000000600000000, 0x0000000800000000)
  region size 4096K, 17 young (69632K), 9 survivors (36864K)
 Metaspace       used 173266K, committed 176128K, reserved 1245184K
  class space    used 21406K, committed 22848K, reserved 1048576K
}
Event: 594.734 GC heap after
{Heap after GC invocations=159 (full 0):
 garbage-first heap   total 1392640K, used 316383K [0x0000000600000000, 0x0000000800000000)
  region size 4096K, 2 young (8192K), 2 survivors (8192K)
 Metaspace       used 173266K, committed 176128K, reserved 1245184K
  class space    used 21406K, committed 22848K, reserved 1048576K
}
Event: 626.254 GC heap before
{Heap before GC invocations=159 (full 0):
 garbage-first heap   total 1392640K, used 1143775K [0x0000000600000000, 0x0000000800000000)
  region size 4096K, 204 young (835584K), 2 survivors (8192K)
 Metaspace       used 173288K, committed 176192K, reserved 1245184K
  class space    used 21407K, committed 22848K, reserved 1048576K
}
Event: 626.364 GC heap after
{Heap after GC invocations=160 (full 0):
 garbage-first heap   total 1392640K, used 313037K [0x0000000600000000, 0x0000000800000000)
  region size 4096K, 1 young (4096K), 1 survivors (4096K)
 Metaspace       used 173288K, committed 176192K, reserved 1245184K
  class space    used 21407K, committed 22848K, reserved 1048576K
}
Event: 638.216 GC heap before
{Heap before GC invocations=160 (full 0):
 garbage-first heap   total 1392640K, used 1144525K [0x0000000600000000, 0x0000000800000000)
  region size 4096K, 204 young (835584K), 1 survivors (4096K)
 Metaspace       used 173295K, committed 176192K, reserved 1245184K
  class space    used 21407K, committed 22848K, reserved 1048576K
}
Event: 638.220 GC heap after
{Heap after GC invocations=161 (full 0):
 garbage-first heap   total 1392640K, used 311946K [0x0000000600000000, 0x0000000800000000)
  region size 4096K, 1 young (4096K), 1 survivors (4096K)
 Metaspace       used 173295K, committed 176192K, reserved 1245184K
  class space    used 21407K, committed 22848K, reserved 1048576K
}
Event: 659.403 GC heap before
{Heap before GC invocations=161 (full 0):
 garbage-first heap   total 1392640K, used 1139338K [0x0000000600000000, 0x0000000800000000)
  region size 4096K, 204 young (835584K), 1 survivors (4096K)
 Metaspace       used 190412K, committed 193472K, reserved 1245184K
  class space    used 23301K, committed 24832K, reserved 1048576K
}
Event: 659.490 GC heap after
{Heap after GC invocations=162 (full 0):
 garbage-first heap   total 1392640K, used 355795K [0x0000000600000000, 0x0000000800000000)
  region size 4096K, 11 young (45056K), 11 survivors (45056K)
 Metaspace       used 190412K, committed 193472K, reserved 1245184K
  class space    used 23301K, committed 24832K, reserved 1048576K
}
Event: 832.587 GC heap before
{Heap before GC invocations=162 (full 0):
 garbage-first heap   total 1392640K, used 974291K [0x0000000600000000, 0x0000000800000000)
  region size 4096K, 162 young (663552K), 11 survivors (45056K)
 Metaspace       used 205139K, committed 208320K, reserved 1245184K
  class space    used 25370K, committed 26944K, reserved 1048576K
}
Event: 833.349 GC heap after
{Heap after GC invocations=163 (full 0):
 garbage-first heap   total 1392640K, used 371957K [0x0000000600000000, 0x0000000800000000)
  region size 4096K, 15 young (61440K), 15 survivors (61440K)
 Metaspace       used 205139K, committed 208320K, reserved 1245184K
  class space    used 25370K, committed 26944K, reserved 1048576K
}
Event: 833.649 GC heap before
{Heap before GC invocations=163 (full 0):
 garbage-first heap   total 1392640K, used 380149K [0x0000000600000000, 0x0000000800000000)
  region size 4096K, 17 young (69632K), 15 survivors (61440K)
 Metaspace       used 205139K, committed 208320K, reserved 1245184K
  class space    used 25370K, committed 26944K, reserved 1048576K
}
Event: 833.782 GC heap after
{Heap after GC invocations=164 (full 0):
 garbage-first heap   total 1392640K, used 373022K [0x0000000600000000, 0x0000000800000000)
  region size 4096K, 1 young (4096K), 1 survivors (4096K)
 Metaspace       used 205139K, committed 208320K, reserved 1245184K
  class space    used 25370K, committed 26944K, reserved 1048576K
}
Event: 1009.995 GC heap before
{Heap before GC invocations=164 (full 0):
 garbage-first heap   total 1392640K, used 1200414K [0x0000000600000000, 0x0000000800000000)
  region size 4096K, 204 young (835584K), 1 survivors (4096K)
 Metaspace       used 215168K, committed 218368K, reserved 1245184K
  class space    used 26438K, committed 28032K, reserved 1048576K
}
Event: 1010.445 GC heap after
{Heap after GC invocations=165 (full 0):
 garbage-first heap   total 1392640K, used 373022K [0x0000000600000000, 0x0000000800000000)
  region size 4096K, 3 young (12288K), 3 survivors (12288K)
 Metaspace       used 215168K, committed 218368K, reserved 1245184K
  class space    used 26438K, committed 28032K, reserved 1048576K
}
Event: 1094.439 GC heap before
{Heap before GC invocations=165 (full 0):
 garbage-first heap   total 1392640K, used 454942K [0x0000000600000000, 0x0000000800000000)
  region size 4096K, 23 young (94208K), 3 survivors (12288K)
 Metaspace       used 215706K, committed 219008K, reserved 1245184K
  class space    used 26500K, committed 28160K, reserved 1048576K
}
Event: 1094.572 GC heap after
{Heap after GC invocations=166 (full 0):
 garbage-first heap   total 1392640K, used 376503K [0x0000000600000000, 0x0000000800000000)
  region size 4096K, 1 young (4096K), 1 survivors (4096K)
 Metaspace       used 215706K, committed 219008K, reserved 1245184K
  class space    used 26500K, committed 28160K, reserved 1048576K
}
Event: 1118.680 GC heap before
{Heap before GC invocations=166 (full 0):
 garbage-first heap   total 1392640K, used 609975K [0x0000000600000000, 0x0000000800000000)
  region size 4096K, 59 young (241664K), 1 survivors (4096K)
 Metaspace       used 229560K, committed 232832K, reserved 1310720K
  class space    used 28150K, committed 29760K, reserved 1048576K
}
Event: 1118.761 GC heap after
{Heap after GC invocations=167 (full 0):
 garbage-first heap   total 1392640K, used 387807K [0x0000000600000000, 0x0000000800000000)
  region size 4096K, 4 young (16384K), 4 survivors (16384K)
 Metaspace       used 229560K, committed 232832K, reserved 1310720K
  class space    used 28150K, committed 29760K, reserved 1048576K
}
Event: 1124.497 GC heap before
{Heap before GC invocations=167 (full 0):
 garbage-first heap   total 1392640K, used 477919K [0x0000000600000000, 0x0000000800000000)
  region size 4096K, 24 young (98304K), 4 survivors (16384K)
 Metaspace       used 229848K, committed 233152K, reserved 1310720K
  class space    used 28168K, committed 29824K, reserved 1048576K
}
Event: 1124.545 GC heap after
{Heap after GC invocations=168 (full 0):
 garbage-first heap   total 1392640K, used 392040K [0x0000000600000000, 0x0000000800000000)
  region size 4096K, 2 young (8192K), 2 survivors (8192K)
 Metaspace       used 229848K, committed 233152K, reserved 1310720K
  class space    used 28168K, committed 29824K, reserved 1048576K
}

Dll operation events (18 events):
Event: 0.025 Loaded shared library C:\Program Files\Java\jdk-20\bin\java.dll
Event: 0.083 Loaded shared library C:\Program Files\Java\jdk-20\bin\jsvml.dll
Event: 0.215 Loaded shared library C:\Program Files\Java\jdk-20\bin\zip.dll
Event: 0.221 Loaded shared library C:\Program Files\Java\jdk-20\bin\instrument.dll
Event: 0.233 Loaded shared library C:\Program Files\Java\jdk-20\bin\net.dll
Event: 0.239 Loaded shared library C:\Program Files\Java\jdk-20\bin\nio.dll
Event: 0.246 Loaded shared library C:\Program Files\Java\jdk-20\bin\zip.dll
Event: 1.046 Loaded shared library C:\Program Files\Java\jdk-20\bin\jimage.dll
Event: 1.646 Loaded shared library C:\Program Files\Java\jdk-20\bin\verify.dll
Event: 2.149 Loaded shared library C:\Users\RAIN\.gradle\native\1def1411415f61bf3af743bc5b6707747c0891f09f0c88961ee8f79bc544acac\windows-amd64\native-platform.dll
Event: 2.198 Loaded shared library C:\Users\RAIN\.gradle\native\0.2.5\x86_64-windows-gnu\gradle-fileevents.dll
Event: 8.861 Loaded shared library C:\Program Files\Java\jdk-20\bin\management.dll
Event: 8.944 Loaded shared library C:\Program Files\Java\jdk-20\bin\management_ext.dll
Event: 16.459 Loaded shared library C:\Program Files\Java\jdk-20\bin\extnet.dll
Event: 21.694 Loaded shared library C:\Program Files\Java\jdk-20\bin\sunmscapi.dll
Event: 26.766 Loaded shared library C:\Users\RAIN\AppData\Local\Temp\native-platform5725755811921432752dir\gradle-fileevents.dll
Event: 373.302 Loaded shared library C:\Program Files\Java\jdk-20\bin\rmi.dll
Event: 665.790 Loaded shared library C:\Users\RAIN\AppData\Local\Temp\jna-2507668\jna9069461725919991313.dll

Deoptimization events (20 events):
Event: 1122.566 Thread 0x000002b6ac911e40 Uncommon trap: trap_request=0xffffffbe fr.pc=0x000002b64a899a18 relative=0x0000000000000978
Event: 1122.566 Thread 0x000002b6ac911e40 Uncommon trap: reason=profile_predicate action=maybe_recompile pc=0x000002b64a899a18 method=org.jetbrains.org.objectweb.asm.ByteVector.encodeUtf8(Ljava/lang/String;II)Lorg/jetbrains/org/objectweb/asm/ByteVector; @ 163 c2
Event: 1122.566 Thread 0x000002b6ac911e40 DEOPT PACKING pc=0x000002b64a899a18 sp=0x000000da8e7f45c0
Event: 1122.566 Thread 0x000002b6ac911e40 DEOPT UNPACKING pc=0x000002b6487d9d22 sp=0x000000da8e7f4528 mode 2
Event: 1122.568 Thread 0x000002b6ac911e40 Uncommon trap: trap_request=0xffffffbe fr.pc=0x000002b64a899a18 relative=0x0000000000000978
Event: 1122.568 Thread 0x000002b6ac911e40 Uncommon trap: reason=profile_predicate action=maybe_recompile pc=0x000002b64a899a18 method=org.jetbrains.org.objectweb.asm.ByteVector.encodeUtf8(Ljava/lang/String;II)Lorg/jetbrains/org/objectweb/asm/ByteVector; @ 163 c2
Event: 1122.568 Thread 0x000002b6ac911e40 DEOPT PACKING pc=0x000002b64a899a18 sp=0x000000da8e7f45c0
Event: 1122.568 Thread 0x000002b6ac911e40 DEOPT UNPACKING pc=0x000002b6487d9d22 sp=0x000000da8e7f4528 mode 2
Event: 1128.414 Thread 0x000002b6ac911e40 Uncommon trap: trap_request=0xffffffc6 fr.pc=0x000002b64a797a94 relative=0x00000000000009d4
Event: 1128.414 Thread 0x000002b6ac911e40 Uncommon trap: reason=bimorphic_or_optimized_type_check action=maybe_recompile pc=0x000002b64a797a94 method=org.gradle.internal.snapshot.DirectorySnapshot.accept(Lorg/gradle/internal/snapshot/FileSystemSnapshotHierarchyVisitor;)Lorg/gradle/internal/snapsh
Event: 1128.414 Thread 0x000002b6ac911e40 DEOPT PACKING pc=0x000002b64a797a94 sp=0x000000da8e7f7260
Event: 1128.414 Thread 0x000002b6ac911e40 DEOPT UNPACKING pc=0x000002b6487d9d22 sp=0x000000da8e7f7230 mode 2
Event: 1128.444 Thread 0x000002b6ac911e40 Uncommon trap: trap_request=0xffffffc6 fr.pc=0x000002b64a797a94 relative=0x00000000000009d4
Event: 1128.444 Thread 0x000002b6ac911e40 Uncommon trap: reason=bimorphic_or_optimized_type_check action=maybe_recompile pc=0x000002b64a797a94 method=org.gradle.internal.snapshot.DirectorySnapshot.accept(Lorg/gradle/internal/snapshot/FileSystemSnapshotHierarchyVisitor;)Lorg/gradle/internal/snapsh
Event: 1128.444 Thread 0x000002b6ac911e40 DEOPT PACKING pc=0x000002b64a797a94 sp=0x000000da8e7f6620
Event: 1128.444 Thread 0x000002b6ac911e40 DEOPT UNPACKING pc=0x000002b6487d9d22 sp=0x000000da8e7f6600 mode 2
Event: 1128.871 Thread 0x000002b6ac911e40 Uncommon trap: trap_request=0xffffff45 fr.pc=0x000002b64a506dd8 relative=0x0000000000000c98
Event: 1128.872 Thread 0x000002b6ac911e40 Uncommon trap: reason=unstable_if action=reinterpret pc=0x000002b64a506dd8 method=sun.nio.fs.WindowsPath.getParent()Lsun/nio/fs/WindowsPath; @ 37 c2
Event: 1128.872 Thread 0x000002b6ac911e40 DEOPT PACKING pc=0x000002b64a506dd8 sp=0x000000da8e7f3370
Event: 1128.872 Thread 0x000002b6ac911e40 DEOPT UNPACKING pc=0x000002b6487d9d22 sp=0x000000da8e7f3310 mode 2

Classes loaded (20 events):
Event: 1118.417 Loading class java/net/Collections
Event: 1118.417 Loading class java/net/Collections done
Event: 1118.479 Loading class java/lang/Map
Event: 1118.479 Loading class java/lang/Map done
Event: 1118.505 Loading class java/io/Map
Event: 1118.506 Loading class java/io/Map done
Event: 1118.514 Loading class java/net/Map
Event: 1118.514 Loading class java/net/Map done
Event: 1118.530 Loading class java/lang/HashMap
Event: 1118.530 Loading class java/lang/HashMap done
Event: 1118.571 Loading class java/io/HashMap
Event: 1118.571 Loading class java/io/HashMap done
Event: 1118.580 Loading class java/net/HashMap
Event: 1118.580 Loading class java/net/HashMap done
Event: 1118.659 Loading class java/lang/LinkedList
Event: 1118.659 Loading class java/lang/LinkedList done
Event: 1118.669 Loading class java/io/LinkedList
Event: 1118.669 Loading class java/io/LinkedList done
Event: 1118.765 Loading class java/net/LinkedList
Event: 1118.765 Loading class java/net/LinkedList done

Classes unloaded (20 events):
Event: 132.136 Thread 0x000002b66491d400 Unloading class 0x000002b668a6c908 '_BuildScript_$_run_closure1$_closure2'
Event: 132.137 Thread 0x000002b66491d400 Unloading class 0x000002b668a6c528 '_BuildScript_$_run_closure1'
Event: 132.137 Thread 0x000002b66491d400 Unloading class 0x000002b668a6c000 '_BuildScript_'
Event: 132.137 Thread 0x000002b66491d400 Unloading class 0x000002b668a6a000 '_BuildScript_$_run_closure1$_closure2'
Event: 132.137 Thread 0x000002b66491d400 Unloading class 0x000002b668a69908 '_BuildScript_$_run_closure1'
Event: 132.137 Thread 0x000002b66491d400 Unloading class 0x000002b668a693e0 '_BuildScript_'
Event: 132.137 Thread 0x000002b66491d400 Unloading class 0x000002b668a69000 'ProtobufPatchPlugin$_apply_closure1$_closure2$_closure3$_closure4'
Event: 132.137 Thread 0x000002b66491d400 Unloading class 0x000002b668a68a80 'ProtobufPatchPlugin$_apply_closure1$_closure2$_closure3'
Event: 132.137 Thread 0x000002b66491d400 Unloading class 0x000002b668a686a0 'ProtobufPatchPlugin$_apply_closure1$_closure2'
Event: 132.137 Thread 0x000002b66491d400 Unloading class 0x000002b668a682c0 'ProtobufPatchPlugin$_apply_closure1'
Event: 132.138 Thread 0x000002b66491d400 Unloading class 0x000002b668a68000 'ProtobufPatchPlugin'
Event: 132.138 Thread 0x000002b66491d400 Unloading class 0x000002b6689a8908 '_BuildScript_$_run_closure1$_closure2'
Event: 132.138 Thread 0x000002b66491d400 Unloading class 0x000002b6689a8528 '_BuildScript_$_run_closure1'
Event: 132.138 Thread 0x000002b66491d400 Unloading class 0x000002b6689a8000 '_BuildScript_'
Event: 358.289 Thread 0x000002b66491d400 Unloading class 0x000002b669941800 'java/lang/invoke/LambdaForm$DMH+0x000002b669941800'
Event: 358.289 Thread 0x000002b66491d400 Unloading class 0x000002b669941400 'java/lang/invoke/LambdaForm$DMH+0x000002b669941400'
Event: 358.289 Thread 0x000002b66491d400 Unloading class 0x000002b669941000 'java/lang/invoke/LambdaForm$DMH+0x000002b669941000'
Event: 358.289 Thread 0x000002b66491d400 Unloading class 0x000002b669940c00 'java/lang/invoke/LambdaForm$DMH+0x000002b669940c00'
Event: 358.289 Thread 0x000002b66491d400 Unloading class 0x000002b669940800 'java/lang/invoke/LambdaForm$DMH+0x000002b669940800'
Event: 358.289 Thread 0x000002b66491d400 Unloading class 0x000002b669940400 'java/lang/invoke/LambdaForm$DMH+0x000002b669940400'

Classes redefined (0 events):
No events

Internal exceptions (20 events):
Event: 1119.364 Thread 0x000002b6aed447b0 Exception <a 'sun/nio/fs/WindowsException'{0x000000065482c268}> (0x000000065482c268) 
thrown [s\open\src\hotspot\share\prims\jni.cpp, line 519]
Event: 1119.368 Thread 0x000002b6aed447b0 Exception <a 'sun/nio/fs/WindowsException'{0x000000065482c890}> (0x000000065482c890) 
thrown [s\open\src\hotspot\share\prims\jni.cpp, line 519]
Event: 1119.376 Thread 0x000002b6aed447b0 Exception <a 'sun/nio/fs/WindowsException'{0x000000065484f438}> (0x000000065484f438) 
thrown [s\open\src\hotspot\share\prims\jni.cpp, line 519]
Event: 1119.384 Thread 0x000002b6aed447b0 Exception <a 'sun/nio/fs/WindowsException'{0x0000000654864d30}> (0x0000000654864d30) 
thrown [s\open\src\hotspot\share\prims\jni.cpp, line 519]
Event: 1119.388 Thread 0x000002b6aed447b0 Exception <a 'sun/nio/fs/WindowsException'{0x0000000654874438}> (0x0000000654874438) 
thrown [s\open\src\hotspot\share\prims\jni.cpp, line 519]
Event: 1119.396 Thread 0x000002b6aed447b0 Exception <a 'sun/nio/fs/WindowsException'{0x0000000654883e78}> (0x0000000654883e78) 
thrown [s\open\src\hotspot\share\prims\jni.cpp, line 519]
Event: 1119.402 Thread 0x000002b6aed447b0 Exception <a 'sun/nio/fs/WindowsException'{0x000000065488fa98}> (0x000000065488fa98) 
thrown [s\open\src\hotspot\share\prims\jni.cpp, line 519]
Event: 1119.462 Thread 0x000002b6ac911e40 Exception <a 'java/lang/ClassNotFoundException'{0x00000006548f46b8}: init_7t6fm34619djw7wwefr4znkrhBeanInfo> (0x00000006548f46b8) 
thrown [s\open\src\hotspot\share\classfile\systemDictionary.cpp, line 305]
Event: 1119.464 Thread 0x000002b6ac911e40 Exception <a 'java/lang/ClassNotFoundException'{0x00000006548fa528}: init_7t6fm34619djw7wwefr4znkrhCustomizer> (0x00000006548fa528) 
thrown [s\open\src\hotspot\share\classfile\systemDictionary.cpp, line 305]
Event: 1119.588 Thread 0x000002b6ac911e40 Exception <a 'sun/nio/fs/WindowsException'{0x0000000654938828}> (0x0000000654938828) 
thrown [s\open\src\hotspot\share\prims\jni.cpp, line 519]
Event: 1119.590 Thread 0x000002b6ac911e40 Exception <a 'sun/nio/fs/WindowsException'{0x0000000654939ca8}> (0x0000000654939ca8) 
thrown [s\open\src\hotspot\share\prims\jni.cpp, line 519]
Event: 1119.594 Thread 0x000002b6ac911e40 Exception <a 'sun/nio/fs/WindowsException'{0x000000065493b120}> (0x000000065493b120) 
thrown [s\open\src\hotspot\share\prims\jni.cpp, line 519]
Event: 1119.594 Thread 0x000002b6ac911e40 Exception <a 'sun/nio/fs/WindowsException'{0x000000065493c1c0}> (0x000000065493c1c0) 
thrown [s\open\src\hotspot\share\prims\jni.cpp, line 519]
Event: 1119.769 Thread 0x000002b6ac911e40 Exception <a 'sun/nio/fs/WindowsException'{0x0000000654a19ec8}> (0x0000000654a19ec8) 
thrown [s\open\src\hotspot\share\prims\jni.cpp, line 519]
Event: 1119.770 Thread 0x000002b6ac911e40 Exception <a 'sun/nio/fs/WindowsException'{0x0000000654a1bb58}> (0x0000000654a1bb58) 
thrown [s\open\src\hotspot\share\prims\jni.cpp, line 519]
Event: 1119.771 Thread 0x000002b6ac911e40 Exception <a 'sun/nio/fs/WindowsException'{0x0000000654a1d7e0}> (0x0000000654a1d7e0) 
thrown [s\open\src\hotspot\share\prims\jni.cpp, line 519]
Event: 1119.772 Thread 0x000002b6ac911e40 Exception <a 'sun/nio/fs/WindowsException'{0x0000000654a1f090}> (0x0000000654a1f090) 
thrown [s\open\src\hotspot\share\prims\jni.cpp, line 519]
Event: 1121.179 Thread 0x000002b6ac911e40 Implicit null exception at 0x000002b64a6df2cd to 0x000002b64a6df380
Event: 1128.508 Thread 0x000002b6ac911e40 Exception <a 'sun/nio/fs/WindowsException'{0x0000000654d1c000}> (0x0000000654d1c000) 
thrown [s\open\src\hotspot\share\prims\jni.cpp, line 519]
Event: 1128.509 Thread 0x000002b6ac911e40 Exception <a 'sun/nio/fs/WindowsException'{0x0000000654d1e038}> (0x0000000654d1e038) 
thrown [s\open\src\hotspot\share\prims\jni.cpp, line 519]

VM Operations (20 events):
Event: 1122.411 Executing VM operation: Cleanup done
Event: 1123.412 Executing VM operation: Cleanup
Event: 1123.412 Executing VM operation: Cleanup done
Event: 1124.412 Executing VM operation: Cleanup
Event: 1124.412 Executing VM operation: Cleanup done
Event: 1124.497 Executing VM operation: G1CollectForAllocation
Event: 1124.545 Executing VM operation: G1CollectForAllocation done
Event: 1128.549 Executing VM operation: Cleanup
Event: 1128.549 Executing VM operation: Cleanup done
Event: 1130.549 Executing VM operation: Cleanup
Event: 1130.552 Executing VM operation: Cleanup done
Event: 1131.552 Executing VM operation: Cleanup
Event: 1131.555 Executing VM operation: Cleanup done
Event: 1132.555 Executing VM operation: Cleanup
Event: 1132.560 Executing VM operation: Cleanup done
Event: 1133.561 Executing VM operation: Cleanup
Event: 1133.561 Executing VM operation: Cleanup done
Event: 1134.184 Executing VM operation: ICBufferFull
Event: 1134.184 Executing VM operation: ICBufferFull done
Event: 1135.184 Executing VM operation: Cleanup

Events (20 events):
Event: 1119.742 Thread 0x000002b6c2635ae0 Thread added: 0x000002b6c2635ae0
Event: 1120.329 Thread 0x000002b6c2637570 Thread added: 0x000002b6c2637570
Event: 1120.330 Thread 0x000002b6c2637020 Thread added: 0x000002b6c2637020
Event: 1120.330 Thread 0x000002b6c2634050 Thread added: 0x000002b6c2634050
Event: 1120.331 Thread 0x000002b6c26345a0 Thread added: 0x000002b6c26345a0
Event: 1120.331 Thread 0x000002b6c2635590 Thread added: 0x000002b6c2635590
Event: 1120.332 Thread 0x000002b6c2634af0 Thread added: 0x000002b6c2634af0
Event: 1120.333 Thread 0x000002b6c2635040 Thread added: 0x000002b6c2635040
Event: 1120.417 Thread 0x000002b6c0c98600 Thread exited: 0x000002b6c0c98600
Event: 1120.431 Thread 0x000002b6c1ae2100 Thread added: 0x000002b6c1ae2100
Event: 1120.433 Thread 0x000002b6c1ae2650 Thread added: 0x000002b6c1ae2650
Event: 1120.434 Thread 0x000002b6c1ae30f0 Thread added: 0x000002b6c1ae30f0
Event: 1120.435 Thread 0x000002b6c1ae1bb0 Thread added: 0x000002b6c1ae1bb0
Event: 1120.436 Thread 0x000002b6b32305b0 Thread added: 0x000002b6b32305b0
Event: 1120.437 Thread 0x000002b6c1eac570 Thread added: 0x000002b6c1eac570
Event: 1120.438 Thread 0x000002b6b3284ba0 Thread added: 0x000002b6b3284ba0
Event: 1120.689 Thread 0x000002b6c74255a0 Thread added: 0x000002b6c74255a0
Event: 1122.236 Thread 0x000002b6c2636030 Thread added: 0x000002b6c2636030
Event: 1128.500 Thread 0x000002b6c18e12f0 Thread added: 0x000002b6c18e12f0
Event: 1128.642 Thread 0x000002b6c18e12f0 Thread exited: 0x000002b6c18e12f0


Dynamic libraries:
0x00007ff673a50000 - 0x00007ff673a60000 	C:\Program Files\Java\jdk-20\bin\java.exe
0x00007ffb45dc0000 - 0x00007ffb46029000 	C:\WINDOWS\SYSTEM32\ntdll.dll
0x00007ffb44370000 - 0x00007ffb44439000 	C:\WINDOWS\System32\KERNEL32.DLL
0x00007ffb430a0000 - 0x00007ffb43493000 	C:\WINDOWS\System32\KERNELBASE.dll
0x00007ffb42f50000 - 0x00007ffb4309b000 	C:\WINDOWS\System32\ucrtbase.dll
0x00007ffb38670000 - 0x00007ffb38689000 	C:\Program Files\Java\jdk-20\bin\jli.dll
0x00007ffb38650000 - 0x00007ffb3866b000 	C:\Program Files\Java\jdk-20\bin\VCRUNTIME140.dll
0x00007ffb45cc0000 - 0x00007ffb45d74000 	C:\WINDOWS\System32\ADVAPI32.dll
0x00007ffb45310000 - 0x00007ffb453b9000 	C:\WINDOWS\System32\msvcrt.dll
0x00007ffb453c0000 - 0x00007ffb45466000 	C:\WINDOWS\System32\sechost.dll
0x00007ffb45b10000 - 0x00007ffb45c28000 	C:\WINDOWS\System32\RPCRT4.dll
0x00007ffb44f80000 - 0x00007ffb45144000 	C:\WINDOWS\System32\USER32.dll
0x00007ffb43ad0000 - 0x00007ffb43af7000 	C:\WINDOWS\System32\win32u.dll
0x00007ffb44340000 - 0x00007ffb4436b000 	C:\WINDOWS\System32\GDI32.dll
0x00007ffb31460000 - 0x00007ffb316f3000 	C:\WINDOWS\WinSxS\amd64_microsoft.windows.common-controls_6595b64144ccf1df_6.0.26100.5074_none_3e0d6f78e32fd63f\COMCTL32.dll
0x00007ffb43830000 - 0x00007ffb4395d000 	C:\WINDOWS\System32\gdi32full.dll
0x00007ffb43560000 - 0x00007ffb43603000 	C:\WINDOWS\System32\msvcp_win.dll
0x00007ffb3d020000 - 0x00007ffb3d02b000 	C:\WINDOWS\SYSTEM32\VERSION.dll
0x00007ffb449a0000 - 0x00007ffb449cf000 	C:\WINDOWS\System32\IMM32.DLL
0x00007ffb3ff90000 - 0x00007ffb3ff9c000 	C:\Program Files\Java\jdk-20\bin\vcruntime140_1.dll
0x00007ffaff170000 - 0x00007ffaff1fe000 	C:\Program Files\Java\jdk-20\bin\msvcp140.dll
0x00007ffad5500000 - 0x00007ffad6198000 	C:\Program Files\Java\jdk-20\bin\server\jvm.dll
0x00007ffb382d0000 - 0x00007ffb382da000 	C:\WINDOWS\SYSTEM32\WSOCK32.dll
0x00007ffb44920000 - 0x00007ffb44994000 	C:\WINDOWS\System32\WS2_32.dll
0x00007ffb3cfe0000 - 0x00007ffb3d015000 	C:\WINDOWS\SYSTEM32\WINMM.dll
0x00007ffb41d30000 - 0x00007ffb41d4b000 	C:\WINDOWS\SYSTEM32\kernel.appcore.dll
0x00007ffb38640000 - 0x00007ffb3864a000 	C:\Program Files\Java\jdk-20\bin\jimage.dll
0x00007ffb366a0000 - 0x00007ffb368e2000 	C:\WINDOWS\SYSTEM32\DBGHELP.DLL
0x00007ffb44c00000 - 0x00007ffb44f7b000 	C:\WINDOWS\System32\combase.dll
0x00007ffb44a70000 - 0x00007ffb44b47000 	C:\WINDOWS\System32\OLEAUT32.dll
0x00007ffb2ff60000 - 0x00007ffb2ff9d000 	C:\WINDOWS\SYSTEM32\dbgcore.DLL
0x00007ffb43790000 - 0x00007ffb43829000 	C:\WINDOWS\System32\bcryptPrimitives.dll
0x00007ffb38630000 - 0x00007ffb3863e000 	C:\Program Files\Java\jdk-20\bin\instrument.dll
0x00007ffb38310000 - 0x00007ffb38336000 	C:\Program Files\Java\jdk-20\bin\java.dll
0x00007ffaf7f60000 - 0x00007ffaf8037000 	C:\Program Files\Java\jdk-20\bin\jsvml.dll
0x00007ffb43bf0000 - 0x00007ffb4433d000 	C:\WINDOWS\System32\SHELL32.dll
0x00007ffb43960000 - 0x00007ffb43acc000 	C:\WINDOWS\System32\wintypes.dll
0x00007ffb40bb0000 - 0x00007ffb41409000 	C:\WINDOWS\SYSTEM32\windows.storage.dll
0x00007ffb455d0000 - 0x00007ffb456c0000 	C:\WINDOWS\System32\SHCORE.dll
0x00007ffb458b0000 - 0x00007ffb45912000 	C:\WINDOWS\System32\shlwapi.dll
0x00007ffb42e70000 - 0x00007ffb42e99000 	C:\WINDOWS\SYSTEM32\profapi.dll
0x00007ffb38610000 - 0x00007ffb38628000 	C:\Program Files\Java\jdk-20\bin\zip.dll
0x00007ffb29070000 - 0x00007ffb29083000 	C:\Program Files\Java\jdk-20\bin\net.dll
0x00007ffb39dc0000 - 0x00007ffb39edf000 	C:\WINDOWS\SYSTEM32\WINHTTP.dll
0x00007ffb422b0000 - 0x00007ffb4231b000 	C:\WINDOWS\system32\mswsock.dll
0x00007ffb28ba0000 - 0x00007ffb28bb6000 	C:\Program Files\Java\jdk-20\bin\nio.dll
0x00007ffb35070000 - 0x00007ffb35080000 	C:\Program Files\Java\jdk-20\bin\verify.dll
0x00007ffaff3d0000 - 0x00007ffaff3f7000 	C:\Users\RAIN\.gradle\native\1def1411415f61bf3af743bc5b6707747c0891f09f0c88961ee8f79bc544acac\windows-amd64\native-platform.dll
0x0000000066b20000 - 0x0000000066b93000 	C:\Users\RAIN\.gradle\native\0.2.5\x86_64-windows-gnu\gradle-fileevents.dll
0x00007ffb34ea0000 - 0x00007ffb34eaa000 	C:\Program Files\Java\jdk-20\bin\management.dll
0x00007ffb34c40000 - 0x00007ffb34c4b000 	C:\Program Files\Java\jdk-20\bin\management_ext.dll
0x00007ffb45920000 - 0x00007ffb45928000 	C:\WINDOWS\System32\PSAPI.DLL
0x00007ffb42550000 - 0x00007ffb4256b000 	C:\WINDOWS\SYSTEM32\CRYPTSP.dll
0x00007ffb41c90000 - 0x00007ffb41ccb000 	C:\WINDOWS\system32\rsaenh.dll
0x00007ffb42350000 - 0x00007ffb4237b000 	C:\WINDOWS\SYSTEM32\USERENV.dll
0x00007ffb42e40000 - 0x00007ffb42e66000 	C:\WINDOWS\SYSTEM32\bcrypt.dll
0x00007ffb42bd0000 - 0x00007ffb42bdc000 	C:\WINDOWS\SYSTEM32\CRYPTBASE.dll
0x00007ffb41730000 - 0x00007ffb41764000 	C:\WINDOWS\SYSTEM32\IPHLPAPI.DLL
0x00007ffb45b00000 - 0x00007ffb45b0a000 	C:\WINDOWS\System32\NSI.dll
0x00007ffb3cfb0000 - 0x00007ffb3cfce000 	C:\WINDOWS\SYSTEM32\dhcpcsvc6.DLL
0x00007ffb3cf40000 - 0x00007ffb3cf63000 	C:\WINDOWS\SYSTEM32\dhcpcsvc.DLL
0x00007ffb417c0000 - 0x00007ffb418e6000 	C:\WINDOWS\SYSTEM32\DNSAPI.dll
0x00007ffb3dfb0000 - 0x00007ffb3dfb7000 	C:\Program Files\Java\jdk-20\bin\extnet.dll
0x00007ffb387c0000 - 0x00007ffb387ce000 	C:\Program Files\Java\jdk-20\bin\sunmscapi.dll
0x00007ffb43610000 - 0x00007ffb43787000 	C:\WINDOWS\System32\CRYPT32.dll
0x00007ffb42760000 - 0x00007ffb42790000 	C:\WINDOWS\SYSTEM32\ncrypt.dll
0x00007ffb42710000 - 0x00007ffb4274f000 	C:\WINDOWS\SYSTEM32\NTASN1.dll
0x00007ffad3fd0000 - 0x00007ffad3fd8000 	C:\WINDOWS\system32\wshunix.dll
0x00000000652a0000 - 0x0000000065313000 	C:\Users\RAIN\AppData\Local\Temp\native-platform5725755811921432752dir\gradle-fileevents.dll
0x00007ffb41e50000 - 0x00007ffb41e86000 	C:\WINDOWS\SYSTEM32\ntmarta.dll
0x00007ffb392a0000 - 0x00007ffb392ab000 	C:\Windows\System32\rasadhlp.dll
0x00007ffb3d450000 - 0x00007ffb3d4d6000 	C:\WINDOWS\System32\fwpuclnt.dll
0x00007ffb285b0000 - 0x00007ffb285c8000 	C:\WINDOWS\system32\napinsp.dll
0x00007ffb2a1c0000 - 0x00007ffb2a1d2000 	C:\WINDOWS\System32\winrnr.dll
0x00007ffb2a190000 - 0x00007ffb2a1b8000 	C:\WINDOWS\system32\nlansp_c.dll
0x00007ffb29e10000 - 0x00007ffb29e26000 	C:\WINDOWS\system32\wshbth.dll
0x00007ffb1ded0000 - 0x00007ffb1ded7000 	C:\Program Files\Java\jdk-20\bin\rmi.dll
0x00007ffaf9fc0000 - 0x00007ffafa001000 	C:\Users\RAIN\AppData\Local\Temp\jna-2507668\jna9069461725919991313.dll

dbghelp: loaded successfully - version: 4.0.5 - missing functions: none
symbol engine: initialized successfully - sym options: 0x614 - pdb path: .;C:\Program Files\Java\jdk-20\bin;C:\WINDOWS\SYSTEM32;C:\WINDOWS\WinSxS\amd64_microsoft.windows.common-controls_6595b64144ccf1df_6.0.26100.5074_none_3e0d6f78e32fd63f;C:\Program Files\Java\jdk-20\bin\server;C:\Users\RAIN\.gradle\native\1def1411415f61bf3af743bc5b6707747c0891f09f0c88961ee8f79bc544acac\windows-amd64;C:\Users\RAIN\.gradle\native\0.2.5\x86_64-windows-gnu;C:\Users\RAIN\AppData\Local\Temp\native-platform5725755811921432752dir;C:\Users\RAIN\AppData\Local\Temp\jna-2507668

VM Arguments:
jvm_args: --add-opens=java.base/java.lang=ALL-UNNAMED --add-opens=java.base/java.lang.invoke=ALL-UNNAMED --add-opens=java.base/java.util=ALL-UNNAMED --add-opens=java.prefs/java.util.prefs=ALL-UNNAMED --add-exports=jdk.compiler/com.sun.tools.javac.api=ALL-UNNAMED --add-exports=jdk.compiler/com.sun.tools.javac.util=ALL-UNNAMED --add-opens=java.base/java.util=ALL-UNNAMED --add-opens=java.prefs/java.util.prefs=ALL-UNNAMED --add-opens=java.base/java.nio.charset=ALL-UNNAMED --add-opens=java.base/java.net=ALL-UNNAMED --add-opens=java.base/java.util.concurrent.atomic=ALL-UNNAMED --add-opens=java.xml/javax.xml.namespace=ALL-UNNAMED -XX:MaxMetaspaceSize=4G -XX:ReservedCodeCacheSize=512m -XX:+HeapDumpOnOutOfMemoryError -Xmx8G -Dfile.encoding=UTF-8 -Duser.country=PH -Duser.language=en -Duser.variant -javaagent:C:\Users\RAIN\.gradle\wrapper\dists\gradle-8.12-all\ejduaidbjup3bmmkhw3rie4zb\gradle-8.12\lib\agents\gradle-instrumentation-agent-8.12.jar 
java_command: org.gradle.launcher.daemon.bootstrap.GradleDaemon 8.12
java_class_path (initial): C:\Users\RAIN\.gradle\wrapper\dists\gradle-8.12-all\ejduaidbjup3bmmkhw3rie4zb\gradle-8.12\lib\gradle-daemon-main-8.12.jar
Launcher Type: SUN_STANDARD

[Global flags]
     intx CICompilerCount                          = 4                                         {product} {ergonomic}
     uint ConcGCThreads                            = 2                                         {product} {ergonomic}
     uint G1ConcRefinementThreads                  = 8                                         {product} {ergonomic}
   size_t G1HeapRegionSize                         = 4194304                                   {product} {ergonomic}
    uintx GCDrainStackTargetSize                   = 64                                        {product} {ergonomic}
     bool HeapDumpOnOutOfMemoryError               = true                                   {manageable} {command line}
   size_t InitialHeapSize                          = 121634816                                 {product} {ergonomic}
   size_t MarkStackSize                            = 4194304                                   {product} {ergonomic}
   size_t MaxHeapSize                              = 8589934592                                {product} {command line}
   size_t MaxMetaspaceSize                         = 4294967296                                {product} {command line}
   size_t MaxNewSize                               = 5150605312                                {product} {ergonomic}
   size_t MinHeapDeltaBytes                        = 4194304                                   {product} {ergonomic}
   size_t MinHeapSize                              = 8388608                                   {product} {ergonomic}
    uintx NonNMethodCodeHeapSize                   = 5839372                                {pd product} {ergonomic}
    uintx NonProfiledCodeHeapSize                  = 265515770                              {pd product} {ergonomic}
    uintx ProfiledCodeHeapSize                     = 265515770                              {pd product} {ergonomic}
    uintx ReservedCodeCacheSize                    = 536870912                              {pd product} {command line}
     bool SegmentedCodeCache                       = true                                      {product} {ergonomic}
   size_t SoftMaxHeapSize                          = 8589934592                             {manageable} {ergonomic}
     bool UseCompressedClassPointers               = true                           {product lp64_product} {ergonomic}
     bool UseCompressedOops                        = true                           {product lp64_product} {ergonomic}
     bool UseG1GC                                  = true                                      {product} {ergonomic}
     bool UseLargePagesIndividualAllocation        = false                                  {pd product} {ergonomic}

Logging:
Log output configuration:
 #0: stdout all=warning uptime,level,tags foldmultilines=false
 #1: stderr all=off uptime,level,tags foldmultilines=false

Environment Variables:
JAVA_HOME=C:\Program Files\Java\jdk-20
PATH=C:\Program Files\Common Files\Oracle\Java\javapath;C:\Program Files (x86)\Common Files\Oracle\Java\java8path;C:\Program Files (x86)\Common Files\Oracle\Java\javapath;C:\WINDOWS\system32;C:\WINDOWS;C:\WINDOWS\System32\Wbem;C:\WINDOWS\System32\WindowsPowerShell\v1.0\;C:\WINDOWS\System32\OpenSSH\;C:\Program Files\Java\jdk-20\bin;C:\Program Files\dotnet\;C:\Program Files\Git\cmd;C:\Program Files\MySQL\MySQL Server 8.0\bin;C:\Program Files\PuTTY\;C:\Program Files\cursor\resources\app\bin;C:\Users\RAIN\develop\flutter\bin
USERNAME=RAIN
OS=Windows_NT
PROCESSOR_IDENTIFIER=AMD64 Family 23 Model 160 Stepping 0, AuthenticAMD
TMP=C:\Users\RAIN\AppData\Local\Temp
TEMP=C:\Users\RAIN\AppData\Local\Temp




---------------  S Y S T E M  ---------------

OS:
 Windows 11 , 64 bit Build 26100 (10.0.26100.5074)
OS uptime: 17 days 13:52 hours
Hyper-V role detected

CPU: total 8 (initial active 8) (8 cores per cpu, 2 threads per core) family 23 model 160 stepping 0 microcode 0x8a00006, cx8, cmov, fxsr, ht, mmx, 3dnowpref, sse, sse2, sse3, ssse3, sse4a, sse4.1, sse4.2, popcnt, lzcnt, tsc, tscinvbit, avx, avx2, aes, clmul, bmi1, bmi2, adx, sha, fma, vzeroupper, clflush, clflushopt, hv, rdtscp, rdpid, f16c

Memory: 4k page, system-wide physical 7413M (606M free)
TotalPageFile size 29941M (AvailPageFile size 0M)
current process WorkingSet (physical memory assigned to process): 422M, peak: 1271M
current process commit charge ("private bytes"): 1974M, peak: 1978M

vm_info: Java HotSpot(TM) 64-Bit Server VM (20.0.2+9-78) for windows-amd64 JRE (20.0.2+9-78), built on 2023-06-14T10:08:48Z by "mach5one" with MS VC++ 17.1 (VS2022)

END.
